REACTANT,REAGENT,PRODUCT,YIELD
OC1(C2=CC=C(Br)C=C2)CCCCC1,Cl[Fe](Cl)Cl.CCCC[N+](CCCC)(CCCC)CCCC.[Cl-].C(CCl)Cl,O=C(C1=CC=C(Br)C=C1)CCCCC,72
OC1CCCCCCC1,Cl[Fe](Cl)Cl.CCCC[N+](CCCC)(CCCC)CCCC.[Cl-].C(CCl)Cl,CCCCCCCC=O,39
BrC1=CC=C(C(F)(F)F)C=C1.O[C@@]1(CCCC)CCCC1,COCCOC.Cl[Ni]Cl.CC1=CN=C2C(C=CC3=C(C)C(C)=CN=C23)=C1C.CC#N,O=C(CCCCC1=CC=C(C=C1)C(F)(F)F)CCCC,55
BrC1=CC=C(C(F)(F)F)C=C1.OCCN1CCCC1=O,COCCOC.Cl[Ni]Cl.CC1=CN=C2C(C=CC3=C(C)C(C)=CN=C23)=C1C.CC#N,O=C1CCCN1CC2=CC=C(C(F)(F)F)C=C2,51
OCC1(C2)C[C@@H]3C[C@H](C1)C[C@H]2C3.C=C(C(OC)=O)C1=CC=CC=C1F,Br[Ce](Br)Br.CCCC[N+](CCCC)(CCCC)CCCC.[Br-].CC#N,COC(C(C1=C(C=CC=C1)F)CC23CC4CC(C3)CC(C2)C4)=O,53
OC1(C2=CC=CC=C2)CCC(C3=CC=CC=C3)CC1.CC(C)(C)OC(=O)/N=N/C(=O)OC(C)(C)C,[Fe](O/C(/C)=C\C(=O)C)(O/C(/C)=C\C(=O)C)O/C(/C)=C\C(=O)C.CC(C)([O-])C.[Na+].CC#N,O=C(CCC(C1=CC=CC=C1)CCN(C(OC(C)(C)C)=O)NC(OC(C)(C)C)=O)C2=CC=CC=C2,84
C[C@@]1([C@@]2([H])CC[C@@H]1O)CC[C@]3([H])C4=C(CC[C@]32[H])C=C(OC(C5=CC=CC=C5)=O)C=C4,Cl[Fe](Cl)Cl.CCCC[N+](CCCC)(CCCC)CCCC.[Cl-].C(CCl)Cl,C[C@@H]([C@@]1([H])CCC=O)CC[C@]2([H])C3=C(CC[C@]21[H])C=C(OC(C4=CC=CC=C4)=O)C=C3,86
OC(CC1CCCCC1=O)CCS(=O)(C2=CC=CC=C2)=O,O=S(O[Ce](OS(=O)(C(F)(F)F)=O)OS(=O)(C(F)(F)F)=O)(C(F)(F)F)=O.N#CC1=C2C=CC=CC2=C(C3=CC=CC=C3)C4=CC=CC=C14.CC(OCC)=O,O=C1CCCCC(OC(C1)CCS(=O)(C2=CC=CC=C2)=O)=O,58
OC[C@@H]1CCCCN1C(OC(C)(C)C)=O,Cl[Fe](Cl)Cl.CCCC[N+](CCCC)(CCCC)CCCC.[Cl-].C(CCl)Cl,CC(OC(N1CCCCC1)=O)(C)C,78
OCCC1CCCC2=CC=CC=C2C1=O,O=S(O[Ce](OS(=O)(C(F)(F)F)=O)OS(=O)(C(F)(F)F)=O)(C(F)(F)F)=O.N#CC1=C2C=CC=CC2=C(C3=CC=CC=C3)C4=CC=CC=C14.CC(OCC)=O,O=C(CCO1)CCCC2=CC=CC=C2C1=O,72
OCC1(C2)C[C@@H]3C[C@H](C1)C[C@H]2C3.O=C(OCC)/C(C(OCC)=O)=C\C1CCCCC1,Br[Ce](Br)Br.CCCC[N+](CCCC)(CCCC)CCCC.[Br-].CC#N,O=C(OCC)C(C(OCC)=O)C(C12CC3CC(C2)CC(C1)C3)C4CCCCC4,42
OC1(C)CCCCC1.CC(C)(OC(/N=N/C(OC(C)(C)C)=O)=O)C,Cl[Ce](Cl)Cl.CCCC[N+](CCCC)(CCCC)CCCC.[Cl-].CC#N,O=C(C)CCCCCN(C(OC(C)(C)C)=O)NC(OC(C)(C)C)=O,92
COC1=CC=CC=C1O[C@@H](CO)[C@H](O)C2=CC=C(OCC)C(OC)=C2,O=[V](O/C(C1=CC=CC=C1)=N\N=C\C2=C3)(OC)OC2=CC=C3[N+]([O-])=O.N#CC([2H])([2H])[2H],CCOC1=CC=C(C=O)C=C1OC,68
C[C@@]12CCC3C(CCC(CC4=NN(C(OC(C)(C)C)=O)C=C4C5)[C@@]35C)C1CC[C@@]2(O)C.CC(C)(OC(/N=N/C(OC(C)(C)C)=O)=O)C,Cl[Ce](Cl)Cl.CCCC[N+](CCCC)(CCCC)CCCC.[Cl-].CC#N,O=C(CCC1C2C([C@@]3(C)CC4=CN(C(OC(C)(C)C)=O)N=C4CC3CC2)CCC(C)1N(C(OC(C)(C)C)=O)NC(OC(C)(C)C)=O)C,66
O=C1CC(CCC2C3[C@]([C@@](O)(C)CC3)(CCC42)C)[C@@]4(C[C@H]1C)C.CC(C)(OC(/N=N/C(OC(C)(C)C)=O)=O)C,Cl[Ce](Cl)Cl.CCCC[N+](CCCC)(CCCC)CCCC.[Cl-].CC#N,O=C1CC2[C@](C3CCC(C(CCC(C)=O)C3CC2)(C)N(C(OC(C)(C)C)=O)NC(OC(C)(C)C)=O)(C)C[C@H]1C,92
O[C@@H]1CCC[C@@H]1C2=CC=C(SC)C=C2,Cl[Ti](Cl)(Cl)Cl.O=P1(O)OC2=C(C3=C4C=CC=CC4=CC(C5=C(C(C)C)C=C(C(C)C)C=C5C(C)C)=C3O1)C6=CC=CC=C6C=C2C7=C(C(C)C)C=C(C(C)C)C=C7C(C)C.CCCCCCC,O[C@H]1CCC[C@H]1C2=CC=C(SC)C=C2,91
OC1CCC1.O=C(/C(C(F)(F)F)=C\C(OCC)=O)OCC,Cl[Ce](Cl)Cl.CCCC[P+](CCCC)(CCCC)CCCC.[Cl-].N#CC1=CC=CC=C1,O=C1O[C@H]2CCC[C@@H]1[C@@]2(C(F)(F)F)C(OCC)=O,67
O[C@@H](COC1=CC=CC=C1)C2=CC=CC=C2,Cl[Fe](Cl)Cl.CCCC[N+](CCCC)(CCCC)CCCC.[Cl-].C(CCl)Cl,O=CC1=CC=CC=C1,87
OC1(C)CCCC1.CC(C)(OC(/N=N/C(OC(C)(C)C)=O)=O)C,Cl[Ce](Cl)Cl.CCCC[N+](CCCC)(CCCC)CCCC.[Cl-].CC#N,O=C(C)CCCCN(NC(OC(C)(C)C)=O)C(OC(C)(C)C)=O,84
COC(C1CCC(C(CC(O)C(C)(C)C)C1)=O)=O,O=S(O[Ce](OS(=O)(C(F)(F)F)=O)OS(=O)(C(F)(F)F)=O)(C(F)(F)F)=O.N#CC1=C2C=CC=CC2=C(C3=CC=CC=C3)C4=CC=CC=C14.CC(OCC)=O,COC(C1CCC(OC(CC(C1)=O)C(C)(C)C)=O)=O,65
O[C@@H]([C@H](CO)OCC1=CC=CC=C1)C2=CC=C(OCC)C(OC)=C2,O=[V](O/C(C1=CC=CC=C1)=N\N=C\C2=C3)(OC)OC2=CC=C3[N+]([O-])=O.N#CC([2H])([2H])[2H],CCOC1=CC=C(C=O)C=C1OC,88
O[C@@H]([C@@H](OC1=C(OC)C=CC=C1)CO)C2=CC(OC)=C(OCC)C=C2,FC1=CC=C(/C(O2)=N/N=C/C3=CC=CC=C3O[V]2(OC)=O)C=C1.CC#N,OC[C@H](OC1=C(OC)C=CC=C1)C(C2=CC(OC)=C(OCC)C=C2)=O,25
C[C@]1(C(O)CC[C@]12[H])CC[C@]3([H])[C@@](C(CC[C@]32[H])=C4)(C)CCC4=O,Cl[Fe](Cl)Cl.CCCC[N+](CCCC)(CCCC)CCCC.[Cl-].C(CCl)Cl,C[C@@H]([C@@]1([H])CCC=O)CC[C@]2([H])[C@@](C(CC[C@]21[H])=C3)(C)CCC3=O,94
OC(CN(C(OC(C)(C)C)=O)C1)(C)C[C@]21CC[C@@H](C(F)(F)F)CC2,Cl[Ti](Cl)(Cl)Cl.O=P1(O)OC2=C(C3=C4C=CC=CC4=CC(C5=C(C(C)C)C=C(C(C)C)C=C5C(C)C)=C3O1)C6=CC=CC=C6C=C2C7=C(C(C)C)C=C(C(C)C)C=C7C(C)C.CC(C)CC(C)(C)C,O[C@](CN(C(OC(C)(C)C)=O)C1)(C)C[C@]21CC[C@@H](C(F)(F)F)CC2,96
BrC1=CN=CN=C1.FC1=CC=C(C=C1)CCO,COCCOC.Cl[Ni]Cl.CC1=CN=C2C(C=CC3=C(C)C(C)=CN=C23)=C1C.CC#N,FC1=CC=C(C=C1)CC2=CN=CN=C2,70
O[C@@H]1[C@]2(C)C(C)(C)[C@H](CC2)C1.CC(OC(/N=N/C(OC(C)C)=O)=O)C,Cl[Ce](Cl)Cl.CCCC[N+](CCCC)(CCCC)CCCC.[Cl-].CC#N,O=C(N(C1(C)CC[C@H](C1(C)C)CC=O)NC(OC(C)C)=O)OC(C)C,77
OCC1(C2)C[C@@H]3C[C@H](C1)C[C@H]2C3.O=C(OC)C(CC1=CC=CC=C1)=C,Br[Ce](Br)Br.CCCC[N+](CCCC)(CCCC)CCCC.[Br-].CC#N,COC(=O)C(CC1=CC=CC=C1)CC12CC3CC(CC(C3)C1)C2,69
OC1CC2=CC=CC=C2C1C.O=C(/C(C(OC)=O)=C\C(OCC)=O)OC,Cl[Ce](Cl)Cl.CCCC[P+](CCCC)(CCCC)CCCC.[Cl-].N#CC1=CC=CC=C1,O=C1O[C@H]2C(C(OC)=O)(C(OC)=O)[C@@H]1[C@H](C)C3=C(C2)C=CC=C3,69
BrC1=CC(C=CC=C2)=C2C=C1.OC1(C)CCCCC1,COCCOC.Cl[Ni]Cl.CC1=CN=C2C(C=CC3=C(C)C(C)=CN=C23)=C1C.CC#N,CC(CCCCCC(C=C1)=CC2=C1C=CC=C2)=O,48
OC[C@@H]1CCCN1C(OC(C)(C)C)=O,Cl[Fe](Cl)Cl.CCCC[N+](CCCC)(CCCC)CCCC.[Cl-].C(CCl)Cl,CC(OC(N1CCCC1)=O)(C)C,65
OC1CCC1.O=C(/C(C1=CC=C(C(OC)=O)C=C1)=C\C(OCC)=O)OCC,Cl[Ce](Cl)Cl.CCCC[P+](CCCC)(CCCC)CCCC.[Cl-].N#CC1=CC=CC=C1,O=C1O[C@H]2CCC[C@@H]1[C@]2(C(OCC)=O)C3=CC=C(C(OC)=O)C=C3,72
OC1(C)CC[C@]23[C@H](C)CC[C@@]2([H])C(C)(C)[C@H]1C3.CC(C)(OC(/N=N/C(OC(C)(C)C)=O)=O)C,Cl[Ce](Cl)Cl.CCCC[N+](CCCC)(CCCC)CCCC.[Cl-].CC#N,[H][C@@]1(C2(C)C)CC[C@@H](C)[C@](CC2N(C(OC(C)(C)C)=O)NC(OC(C)(C)C)=O)1CCC(C)=O,70
OC(CC1=CC=CC=C1)C2=C(C)C=CC=C2C,FC1=C(/C2=N/N=C/C3=C(C=CC([N+]([O-])=O)=C3)O[V](OC)(O2)=O)C(F)=C(F)C(F)=C1F.C1=CCC=CC1.[2H]C([2H])(C#N)[2H],CC1=C(C=O)C(C)=CC=C1,91
O[C@H]1CCC[C@@H]1C2CC2.CC(C)(OC(/N=N/C(OC(C)(C)C)=O)=O)C,Cl[Ce](Cl)Cl.CCCC[N+](CCCC)(CCCC)CCCC.[Cl-].CC#N,O=CCCC/C=C/CCN(C(OC(C)(C)C)=O)NC(OC(C)(C)C)=O,98
O=C1CCCCC1CC(O)COCC#C,O=S(O[Ce](OS(=O)(C(F)(F)F)=O)OS(=O)(C(F)(F)F)=O)(C(F)(F)F)=O.N#CC1=C2C=CC=CC2=C(C3=CC=CC=C3)C4=CC=CC=C14.CC(OCC)=O,O=C(CCCCC(C1)=O)OC1COCC#C,51
O[C@@H]([C@@H](OC1=C(OC)C=CC=C1)CO)C2=CC(OC)=C(OCC)C=C2,FC1=CC=C(/C(O2)=N/N=C/C3=CC=CC=C3O[V]2(OC)=O)C=C1.CC#N,CCOC1=C(C=C(C=O)C=C1)OC,3
OC1(C2=CC=CC=C2F)CCCCC1.CC(C)(C)OC(=O)/N=N/C(=O)OC(C)(C)C,[Fe](O/C(/C)=C\C(=O)C)(O/C(/C)=C\C(=O)C)O/C(/C)=C\C(=O)C.CC(C)([O-])C.[Na+].CC#N,O=C(CCCCCN(C(OC(C)(C)C)=O)NC(OC(C)(C)C)=O)C1=C(F)C=CC=C1,65
O=C1CCCCCC1CC(O)CC2=CC=CC=C2,O=S(O[Ce](OS(=O)(C(F)(F)F)=O)OS(=O)(C(F)(F)F)=O)(C(F)(F)F)=O.N#CC1=C2C=CC=CC2=C(C3=CC=CC=C3)C4=CC=CC=C14.CC(OCC)=O,O=C(OC(CC1=CC=CC=C1)C2)CCCCCC2=O,70
OCC1CCOCC1.CC=C(C(=O)OCC)C(=O)OCC,Br[Ce](Br)Br.CCCC[N+](CCCC)(CCCC)CCCC.[Br-].CC#N,CCOC(=O)C(C(=O)OCC)C(C)C1CCOCC1,70
O[C@@H]([C@@H](OC1=C(OC)C=CC=C1)CO)C2=CC(OC)=C(OCC)C=C2,FC1=CC=C(/C(O2)=N/N=C/C3=CC=CC=C3O[V]2(OC)=O)C=C1.CC#N,CCOC1=C(C=C(C=O)C=C1)OC,70
O[C@@H]1CCC[C@@H]1C2=CC=CC=C2,Cl[Ti](Cl)(Cl)Cl.O=P1(O)OC2=C(C3=C4C=CC=CC4=CC(C5=C(C(C)C)C=C(C(C)C)C=C5C(C)C)=C3O1)C6=CC=CC=C6C=C2C7=C(C(C)C)C=C(C(C)C)C=C7C(C)C.CCCCCCC,O[C@H]1CCC[C@H]1C2=CC=CC=C2,99
OC1(C2=CC=CC=C2C(F)(F)F)CCCCC1.CC(C)(C)OC(=O)/N=N/C(=O)OC(C)(C)C,[Fe](O/C(/C)=C\C(=O)C)(O/C(/C)=C\C(=O)C)O/C(/C)=C\C(=O)C.CC(C)([O-])C.[Na+].CC#N,O=C(CCCCCN(C(OC(C)(C)C)=O)NC(OC(C)(C)C)=O)C1=C(C(F)(F)F)C=CC=C1,42
OC1(CCCCC1)C2=CC=C(Br)C=C2.CC(C)(OC(/N=N/C(OC(C)(C)C)=O)=O)C,Cl[Ce](Cl)Cl.CCCC[N+](CCCC)(CCCC)CCCC.[Cl-].CC#N,O=C(C1=CC=C(Br)C=C1)CCCCCN(NC(OC(C)(C)C)=O)C(OC(C)(C)C)=O,97
OC1CCC1.O=C(/C(C1=CC=C(C#N)C=C1)=C\C(OCC)=O)OCC,Cl[Ce](Cl)Cl.CCCC[P+](CCCC)(CCCC)CCCC.[Cl-].N#CC1=CC=CC=C1,O=C1O[C@H]2CCC[C@@H]1[C@]2(C(OCC)=O)C3=CC=C(C#N)C=C3,70
OCCC1CCCCCCCCCCCCCC1=O,O=S(O[Ce](OS(=O)(C(F)(F)F)=O)OS(=O)(C(F)(F)F)=O)(C(F)(F)F)=O.N#CC1=C2C=CC=CC2=C(C3=CC=CC=C3)C4=CC=CC=C14.CC(OCC)=O,O=C1CCCCCCCCCCCCCC(OCC1)=O,72
O=C1CCC(CO)O1.CC=C(C(=O)OCC)C(=O)OCC,Br[Ce](Br)Br.CCCC[N+](CCCC)(CCCC)CCCC.[Br-].CC#N,CCOC(=O)C(C(=O)OCC)C(C)C1=CCC(=O)O1,76
OCCCCCCN1C2=C(C=CC=C2)C3=C1C=CC=C3.CC(C)(C)OC(=O)/N=N/C(=O)OC(C)(C)C,Cl[Fe](Cl)Cl.C[N+](C)(C)C.[Cl-].N#CC,CC(C)(OC(NN(C(OC(C)(C)C)=O)C(CCN1C2=C(C3=C1C=CC=C3)C=CC=C2)CCCO)=O)C,42
CC(C)(O)CCCC.CC(C)(OC(/N=N/C(OC(C)(C)C)=O)=O)C,Cl[Fe](Cl)Cl.CCCC[N+](CCCC)(CCCC)CCCC.[Br-].CC#N,CC(C)(O)CCC(N(NC(OC(C)(C)C)=O)C(OC(C)(C)C)=O)C,61
O[C@H](C1=CC=CC=C1)[C@@H](NS(C2=CC=C(C)C=C2)(=O)=O)C3=CC(Cl)=CC=C3,Cl[Ti](Cl)(Cl)Cl.C1(C(CC2=CC=CC=C2)(CC3=CC=CC=C3)C4=N[C@@H](C5=CC=CC=C5)[C@@H](C6=CC=CC=C6)O4)=N[C@@H](C7=CC=CC=C7)[C@@H](C8=CC=CC=C8)O1.C(Cl)Cl,O[C@@H](C1=CC=CC=C1)[C@H](NS(C2=CC=C(C)C=C2)(=O)=O)C3=CC(Cl)=CC=C3,84
OCCCCC1=CC=CC=C1.CC(C)(C)OC(=O)/N=N/C(=O)OC(C)(C)C,Cl[Fe](Cl)Cl.C[N+](C)(C)C.[Cl-].N#CC,OCCCC(N(NC(OC(C)(C)C)=O)C(OC(C)(C)C)=O)C1=CC=CC=C1,53
OCCCCC1=CC=CC=C1.CCOC(/N=N/C(OCC)=O)=O,Cl[Fe](Cl)Cl.C[N+](C)(C)C.[Cl-].N#CC,[H]N(N(C(C1=CC=CC=C1)CCCO)C(OCC)=O)C(OCC)=O,68
OCCCC1CCN(C(OC(C)(C)C)=O)CC1.CC(C)(OC(/N=N/C(OC(C)(C)C)=O)=O)C,Cl[Fe](Cl)Cl.CCCC[N+](CCCC)(CCCC)CCCC.[Br-].CC#N,OCCCC1(N(NC(OC(C)(C)C)=O)C(OC(C)(C)C)=O)CCN(C(OC(C)(C)C)=O)CC1,70
OCCN1C=NC2=C1C(N(C(N2C)=O)C)=O.CC=C(C(=O)OCC)C(=O)OCC,Br[Ce](Br)Br.CCCC[N+](CCCC)(CCCC)CCCC.[Br-].CC#N,CCOC(C(C(CN1C=NC2=C1C(N(C(N2C)=O)C)=O)C)C(OCC)=O)=O,67
CCCC(CCC)(O)C.CC(C)(OC(/N=N/C(OC(C)(C)C)=O)=O)C,Cl[Fe](Cl)Cl.CCCC[N+](CCCC)(CCCC)CCCC.[Br-].CC#N,CCCC(CCCN(NC(OC(C)(C)C)=O)C(OC(C)(C)C)=O)(O)C,55
OC1COC1.CC(C)(C)OC(=O)/N=N/C(=O)OC(C)(C)C,[Fe](O/C(/C)=C\C(=O)C)(O/C(/C)=C\C(=O)C)O/C(/C)=C\C(=O)C.CC(C)([O-])C.[Na+].CC#N,O[C@H]1N(C(OC(C)(C)C)=O)N(C(OC(C)(C)C)=O)COC1,29
CC(C)CCCO.CC(C)(OC(/N=N/C(OC(C)(C)C)=O)=O)C,Cl[Fe](Cl)Cl.CCCC[N+](CCCC)(CCCC)CCCC.[Br-].CC#N,OCCCC(N(NC(OC(C)(C)C)=O)C(OC(C)(C)C)=O)CC1=CC=CC=C1,70
O[C@@H]1CCCN(C(OC(C)(C)C)=O)C1,Cl[Ti](Cl)(Cl)Cl.O=P1(O)OC2=C(C3=C4C=CC=CC4=CC(C5=C(F)C(F)=C(C6=C(F)C(F)=C(F)C(F)=C6F)C(F)=C5F)=C3O1)C7=CC=CC=C7C=C2C8=C(F)C(F)=C(C9=C(F)C(F)=C(F)C(F)=C9F)C(F)=C8F.C(Cl)(Cl)Cl,O[C@H]1CCCN(C(OC(C)(C)C)=O)C1,94
O[C@]1(C)C[C@H]2N(C(OC(C)(C)C)=O)[C@H](CC2)C1.CC(C)(OC(/N=N/C(OC(C)(C)C)=O)=O)C,Cl[Ce](Cl)Cl.CCCC[N+](CCCC)(CCCC)CCCC.[Cl-].CC#N,[H][C@](CC[C@H]1CC(C)=O)(N1C(OC(C)(C)C)=O)CN(C(OC(C)(C)C)=O)NC(OC(C)(C)C)=O,78
BrC1=CC=C(C(F)(F)F)C=C1.FC1=CC=C(C=C1)CCO,COCCOC.Cl[Ni]Cl.CC1=CN=C2C(C=CC3=C(C)C(C)=CN=C23)=C1C.CC#N,FC1=CC=C(C=C1)CC2=CC=C(C(F)(F)F)C=C2,87
CCCCC(O)C.CC(C)(OC(/N=N/C(OC(C)(C)C)=O)=O)C,Cl[Fe](Cl)Cl.CCCC[N+](CCCC)(CCCC)CCCC.[Br-].CC#N,CC(N(NC(OC(C)(C)C)=O)C(OC(C)(C)C)=O)CCC(O)C,71
CC.C12=CC=CC=C1C=NC=C2,[O-]S(=O)(=O)[O-].[O-]S(=O)(=O)[O-].[Ce+4].C(C(Cl)(Cl)Cl)O.CC#N,CCC1=NC=CC2=CC=CC=C21,62
OC1C(C)CCCC1.CC(C)(OC(/N=N/C(OC(C)(C)C)=O)=O)C,Cl[Ce](Cl)Cl.CCCC[N+](CCCC)(CCCC)CCCC.[Cl-].CC#N,O=C([H])CCCCC(N(NC(OC(C)(C)C)=O)C(OC(C)(C)C)=O)C,68
O[C@@H]([C@@H](OC1=C(OC)C=CC=C1)CO)C2=CC(OC)=C(OCC)C=C2,CO[V]1(OCCC/N=C/C2=CC=CC(C(C)(C)C)=C2O1)=O.CC#N,CCOC1=C(OC)C=C(C=C1)C(C=C)=O,17
OC(C1=CC=C(F)C=C1)CC2=CC=CC=C2,FC1=C(/C2=N/N=C/C3=C(C=CC([N+]([O-])=O)=C3)O[V](OC)(O2)=O)C(F)=C(F)C(F)=C1F.C1=CCC=CC1.[2H]C([2H])(C#N)[2H],FC1=CC=C(C=O)C=C1,92
OC1CCCCCCCCCCC1.CC(C)(OC(/N=N/C(OC(C)(C)C)=O)=O)C,Cl[Fe](Cl)Cl.CCCC[N+](CCCC)(CCCC)CCCC.[Br-].CC#N,OC1CCCCCCCCC(N(NC(OC(C)(C)C)=O)C(OC(C)(C)C)=O)CC1,60
O[C@H](CC1)[C@H]1C2=C(OC)C=CC(OC)=C2,Cl[Ti](Cl)(Cl)Cl.O=P1(O)OC2=C(C3=C4C=CC=CC4=CC(C5=C(F)C(F)=C(C6=C(F)C(F)=C(F)C(F)=C6F)C(F)=C5F)=C3O1)C7=CC=CC=C7C=C2C8=C(F)C(F)=C(C9=C(F)C(F)=C(F)C(F)=C9F)C(F)=C8F.CC(C)CC(C)(C)C,O[C@@H](CC1)[C@H]1C2=C(OC)C=CC(OC)=C2,84
OC1(C2=CC=C(Cl)C=C2)CCCCC1.CC(C)(C)OC(=O)/N=N/C(=O)OC(C)(C)C,[Fe](O/C(/C)=C\C(=O)C)(O/C(/C)=C\C(=O)C)O/C(/C)=C\C(=O)C.CC(C)([O-])C.[Na+].CC#N,O=C(CCCCCN(C(OC(C)(C)C)=O)NC(OC(C)(C)C)=O)C1=CC=C(Cl)C=C1,83
BrC1=CC=C(C(F)(F)F)C=C1.CC(CCO)=C,COCCOC.Cl[Ni]Cl.CC1=CN=C2C(C=CC3=C(C)C(C)=CN=C23)=C1C.CC#N,CC(CC1=CC=C(C(F)(F)F)C=C1)=C,50
O=C1CCC=CCC1CCO,O=S(O[Ce](OS(=O)(C(F)(F)F)=O)OS(=O)(C(F)(F)F)=O)(C(F)(F)F)=O.N#CC1=C2C=CC=CC2=C(C3=CC=CC=C3)C4=CC=CC=C14.CC(OCC)=O,O=C(OCC1)CC/C=C\CC1=O,55
OC1CCCC1.CC(C)(OC(/N=N/C(OC(C)(C)C)=O)=O)C,Cl[Ce](Cl)Cl.CCCC[N+](CCCC)(CCCC)CCCC.[Cl-].CC#N,OC1CCCCN(C(OC(C)(C)C)=O)N1C(OC(C)(C)C)=O,73
O[C@H](C1=CC=CC=C1)[C@@H](NS(C2=CC=C(C)C=C2)(=O)=O)C3=CC=C(OC)C=C3,Cl[Ti](Cl)(Cl)Cl.C1(C(CC2=CC=CC=C2)(CC3=CC=CC=C3)C4=N[C@@H](C5=CC=CC=C5)[C@@H](C6=CC=CC=C6)O4)=N[C@@H](C7=CC=CC=C7)[C@@H](C8=CC=CC=C8)O1.C(Cl)Cl,O[C@@H](C1=CC=CC=C1)[C@H](NS(C2=CC=C(C)C=C2)(=O)=O)C3=CC=C(OC)C=C3,94
BrC(C=N1)=CC2=C1C=CC=C2.OC(C)(C)C1=CC=CC=C1,COCCOC.Cl[Ni]Cl.CC1=CN=C2C(C=CC3=C(C)C(C)=CN=C23)=C1C.CC#N,CC(C=N1)=CC2=C1C=CC=C2,60
O[C@@H]1CCC[C@@H]1C2=CC(C=CS3)=C3C=C2,Cl[Ti](Cl)(Cl)Cl.O=P1(O)OC2=C(C3=C4C=CC=CC4=CC(C5=C(C(C)C)C=C(C(C)C)C=C5C(C)C)=C3O1)C6=CC=CC=C6C=C2C7=C(C(C)C)C=C(C(C)C)C=C7C(C)C.CCCCCCC,O[C@H]1CCC[C@H]1C2=CC(C=CS3)=C3C=C2,93
OCCC1CC(F)(CCC1=O)F,O=S(O[Ce](OS(=O)(C(F)(F)F)=O)OS(=O)(C(F)(F)F)=O)(C(F)(F)F)=O.N#CC1=C2C=CC=CC2=C(C3=CC=CC=C3)C4=CC=CC=C14.CC(OCC)=O,O=C1CCOC(CCC(F)(C1)F)=O,45
BrC1=CC=C(C(F)(F)F)C=C1.O[C@@]1(C2=CC=CC=C2)CCCC1,COCCOC.Cl[Ni]Cl.CC1=CN=C2C(C=CC3=C(C)C(C)=CN=C23)=C1C.CC#N,O=C(CCCCC1=CC=C(C=C1)C(F)(F)F)C2=CC=CC=C2,45
OC1(CCCN(C(OC(C)(C)C)=O)C1)C2=CC=CC3=C2OC=C3,Cl[Ti](Cl)(Cl)Cl.O=P1(O)OC2=C(C3=C4C=CC=CC4=CC(C5=C(C(C)C)C=C(C(C)C)C=C5C(C)C)=C3O1)C6=CC=CC=C6C=C2C7=C(C(C)C)C=C(C(C)C)C=C7C(C)C.CC(C)CC(C)(C)C,O[C@@]1(CCCN(C(OC(C)(C)C)=O)C1)C2=CC=CC3=C2OC=C3,90
C1CCCCC1.CC(C)(OC(/N=N/C(OC(C)(C)C)=O)=O)C,Cl[Ce](Cl)Cl.C(C(Cl)(Cl)Cl)O.CC#N,CC(OC(N(NC(OC(C)(C)C)=O)C1CCCCC1)=O)(C)C,81
O[C@@H]1CCCC[C@@H]1C2=CC=CC3=C2C=CC=C3,Cl[Ti](Cl)(Cl)Cl.O=P1(O)OC2=C(C3=C4C=CC=CC4=CC(C5=C(C(C)C)C=C(C(C)C)C=C5C(C)C)=C3O1)C6=CC=CC=C6C=C2C7=C(C(C)C)C=C(C(C)C)C=C7C(C)C.CC(C)CC(C)(C)C,O[C@@H]1CCCC[C@H]1C2=CC=CC3=C2C=CC=C3,97
OCCCCCCOC1=CC=CC=C1.CC(C)(C)OC(=O)/N=N/C(=O)OC(C)(C)C,Cl[Fe](Cl)Cl.C[N+](C)(C)C.[Cl-].N#CC,CC(C)(C)OC(=O)NN(C(=O)OC(C)(C)C)C(CCCO)CCOC1=CC=CC=C1,85
OCCCC1CCCCCCCCCCCCCC1=O,O=S(O[Ce](OS(=O)(C(F)(F)F)=O)OS(=O)(C(F)(F)F)=O)(C(F)(F)F)=O.N#CC1=C2C=CC=CC2=C(C3=CC=CC=C3)C4=CC=CC=C14.CC(OCC)=O,O=C1CCCCCCCCCCCCCC(OCCC1)=O,61
COC1=CC=CC=C1O[C@@H](CO)[C@H](O)C2=CC=C(OCC)C(OC)=C2,FC(C(F)=C(C(F)=C1F)F)=C1/C2=N/N=C/C3=CC([N+]([O-])=O)=CC=C3O[V](O2)(OC)=O.N#CC([2H])([2H])[2H],CCOC1=CC=C(C=O)C=C1OC,46
OCCCCC1=CC=C(Cl)C=C1.CC(C)(C)OC(=O)/N=N/C(=O)OC(C)(C)C,Cl[Fe](Cl)Cl.C[N+](C)(C)C.[Cl-].N#CC,CC(C)(C)OC(=O)NN(C(=O)OC(C)(C)C)C(CCCO)C1=CC=C(Cl)C=C1,76
O[C@@H]1CCCC[C@@H]1C2=CC(SC)=CC=C2,Cl[Ti](Cl)(Cl)Cl.O=P1(O)OC2=C(C3=C4C=CC=CC4=CC(C5=C(C(C)C)C=C(C(C)C)C=C5C(C)C)=C3O1)C6=CC=CC=C6C=C2C7=C(C(C)C)C=C(C(C)C)C=C7C(C)C.CC(C)CC(C)(C)C,O[C@@H]1CCCC[C@H]1C2=CC(SC)=CC=C2,93
O[C@H]1CC(C([C@@H]1C)=C2)=CC=C2C3=CC=CC=C3.O=C(/C(C(OC)=O)=C\C(OCC)=O)OC,Cl[Ce](Cl)Cl.CCCC[P+](CCCC)(CCCC)CCCC.[Cl-].N#CC1=CC=CC=C1,O=C1O[C@H]2C(C(OC)=O)(C(OC)=O)[C@@H]1[C@H](C)C3=C(C2)C=CC(C4=CC=CC=C4)=C3,65
O=C1CCCCCC1CC(O)C2=CC=CC=C2,O=S(O[Ce](OS(=O)(C(F)(F)F)=O)OS(=O)(C(F)(F)F)=O)(C(F)(F)F)=O.N#CC1=C2C=CC=CC2=C(C3=CC=CC=C3)C4=CC=CC=C14.CC(OCC)=O,O=C(O[C@@H](C1=CC=CC=C1)C2)CCCCCC2=O,72
OC1(C#CC2=CC=CC=C2)CCCCC1.CC(C)(C)OC(=O)/N=N/C(=O)OC(C)(C)C,[Fe](O/C(/C)=C\C(=O)C)(O/C(/C)=C\C(=O)C)O/C(/C)=C\C(=O)C.CC(C)([O-])C.[Na+].CC#N,O=C(CCCCCN(C(OC(C)(C)C)=O)NC(OC(C)(C)C)=O)C#CC1=CC=CC=C1,36
BrC(C=C1)=CC=C1B(O2)OC(C)(C)C2(C)C.OC1(C)CCCCC1,COCCOC.Cl[Ni]Cl.CC1=CN=C2C(C=CC3=C(C)C(C)=CN=C23)=C1C.CC#N,CC(CCCCCC(C=C1)=CC=C1B2OC(C)(C)C(C)(C)O2)=O,44
OCCCC1CCCCC1.CC(C)(OC(/N=N/C(OC(C)(C)C)=O)=O)C,Cl[Fe](Cl)Cl.CCCC[N+](CCCC)(CCCC)CCCC.[Br-].CC#N,OCCCC1(N(NC(OC(C)(C)C)=O)C(OC(C)(C)C)=O)CCCCC1,80
OC1(CCCN(C(OC(C)(C)C)=O)C1)C2=CC(C(F)(F)F)=CC=C2,Cl[Ti](Cl)(Cl)Cl.O=P1(O)OC2=C(C3=C4C=CC=CC4=CC(C5=C(C(C)C)C=C(C(C)C)C=C5C(C)C)=C3O1)C6=CC=CC=C6C=C2C7=C(C(C)C)C=C(C(C)C)C=C7C(C)C.CC(C)CC(C)(C)C,O[C@@]1(CCCN(C(OC(C)(C)C)=O)C1)C2=CC(C(F)(F)F)=CC=C2,90
OCC1(C2)C[C@@H]3C[C@H](C1)C[C@H]2C3.C=C(C(=O)OC)C1=CC=CC=C1,Br[Ce](Br)Br.CCCC[N+](CCCC)(CCCC)CCCC.[Br-].CC#N,COC(=O)C(CC12CC3CC(CC(C3)C1)C2)C1=CC=CC=C1,84
OC1(C2=CC=C(F)C=C2)CCCCC1,Cl[Fe](Cl)Cl.CCCC[N+](CCCC)(CCCC)CCCC.[Cl-].C(CCl)Cl,O=C(C1=CC=C(F)C=C1)CCCCC,75
CCCO.CC=C(C(=O)OCC)C(=O)OCC,Br[Ce](Br)Br.CCCC[N+](CCCC)(CCCC)CCCC.[Br-].CC#N,CCOC(=O)C(C(=O)OCC)C(C)CC,65
OC1(C2=CC=C(OC)C=C2)CCC(F)(F)CC1,Cl[Fe](Cl)Cl.CCCC[N+](CCCC)(CCCC)CCCC.[Cl-].C(CCl)Cl,CCC(F)(F)CCC(C1=CC=C(OC)C=C1)=O,73
OC1[C@@H](CC2)C[C@@H]2C1,Cl[Fe](Cl)Cl.CCCC[N+](CCCC)(CCCC)CCCC.[Cl-].C(CCl)Cl,O=CCC1CCCC1,81
FC(C=C1)=CC=C1CCCCO.CC(C)(OC(/N=N/C(OC(C)(C)C)=O)=O)C,Cl[Fe](Cl)Cl.CCCC[N+](CCCC)(CCCC)CCCC.[Br-].CC#N,FC(C=C1)=CC=C1C(N(NC(OC(C)(C)C)=O)C(OC(C)(C)C)=O)CCCO,85
OCC1(C2)C[C@@H]3C[C@H](C1)C[C@H]2C3.C=C(C1=CC=CC=C1Cl)C(OC)=O,Br[Ce](Br)Br.CCCC[N+](CCCC)(CCCC)CCCC.[Br-].CC#N,COC(C(C1=C(C=CC=C1)Cl)CC23CC4CC(C3)CC(C2)C4)=O,65
CCC.CC(C)(OC(/N=N/C(OC(C)(C)C)=O)=O)C,Cl[Ce](Cl)Cl.C(C(Cl)(Cl)Cl)O.CC#N,CCCN(C(OC(C)(C)C)=O)NC(OC(C)(C)C)=O,70
C=CCCCCO.CC(C)(OC(/N=N/C(OC(C)(C)C)=O)=O)C,Cl[Fe](Cl)Cl.CCCC[N+](CCCC)(CCCC)CCCC.[Br-].CC#N,C=CC(N(NC(OC(C)(C)C)=O)C(OC(C)(C)C)=O)CCCO,61
O[C@@H]([C@H](CO)OCC1=CC=CC=C1)C2=CC=C(OCC)C(OC)=C2,FC(C=C1)=CC=C1/C2=N/N=C/C3=CC=CC=C3O[V](O2)(OC)=O.N#CC([2H])([2H])[2H],CCOC1=CC=C(C=O)C=C1OC,72
O=C1CCCCC1CC(C2CCCCC2)O,O=S(O[Ce](OS(=O)(C(F)(F)F)=O)OS(=O)(C(F)(F)F)=O)(C(F)(F)F)=O.N#CC1=C2C=CC=CC2=C(C3=CC=CC=C3)C4=CC=CC=C14.CC(OCC)=O,O=C1CCCCC(OC(C1)C2CCCCC2)=O,71
OCCCCCC1CCN(C(OC(C)(C)C)=O)CC1.CC(C)(OC(/N=N/C(OC(C)(C)C)=O)=O)C,Cl[Fe](Cl)Cl.CCCC[N+](CCCC)(CCCC)CCCC.[Br-].CC#N,OCCCC(N(NC(OC(C)(C)C)=O)C(OC(C)(C)C)=O)CC1CCN(C(OC(C)(C)C)=O)CC1,68
CC(OCCCCCCO)=O.CC(C)(C)OC(=O)/N=N/C(=O)OC(C)(C)C,Cl[Fe](Cl)Cl.C[N+](C)(C)C.[Cl-].N#CC,CC(=O)OCCC(CCCO)N(NC(=O)OC(C)(C)C)C(=O)OC(C)(C)C,76
COC1=CC=CC=C1O[C@@H](CO)[C@H](O)C2=CC=C(OCC)C(OC)=C2,O=[V]1(OC)OC2=CC=CC=C2/C=N/N=C(C3=CC=CC=C3)\O1.N#CC([2H])([2H])[2H],CCOC1=CC=C(C=O)C=C1OC,26
C[C@@](CC1)(O)[C@](CC[C@@]2([C@@](C(CC[C@@]32[H])=C4)(C)CCC4=O)[H])(C)[C@@]13[H],Cl[Fe](Cl)Cl.CCCC[N+](CCCC)(CCCC)CCCC.[Cl-].C(CCl)Cl,CC(CC[C@@]1([C@H](C)CC[C@@]2([C@@](C(CC[C@@]12[H])=C3)(C)CCC3=O)[H])[H])=O,96
BrC1=CC(C=CN2)=C2C=C1.FC1=CC=C(C=C1)CCO,COCCOC.Cl[Ni]Cl.CC1=CN=C2C(C=CC3=C(C)C(C)=CN=C23)=C1C.CC#N,FC1=CC=C(C=C1)CC2=CC(C=CN3)=C3C=C2,46
BrC1=CC(C=CC=N2)=C2C=C1.OC(C)(C)C1=CC=CC=C1,COCCOC.Cl[Ni]Cl.CC1=CN=C2C(C=CC3=C(C)C(C)=CN=C23)=C1C.CC#N,CC(C=C1)=CC2=C1N=CC=C2,53
OCCC1CCCCC1.CC(C)(C)OC(=O)/N=N/C(=O)OC(C)(C)C,Cl[Fe](Cl)Cl.C[N+](C)(C)C.[Cl-].N#CC,CC(C)(C)OC(=O)NN(C(=O)OC(C)(C)C)C1CCCCC1CCO,56
[H]C(C=C1)=CC=C1CCCCO.CC(C)(OC(/N=N/C(OC(C)(C)C)=O)=O)C,Cl[Fe](Cl)Cl.CCCC[N+](CCCC)(CCCC)CCCC.[Br-].CC#N,[H]C(C=C1)=CC=C1C(N(NC(OC(C)(C)C)=O)C(OC(C)(C)C)=O)CCCO,78
OC1CCC1.O=C(/C(C(C)=O)=C\C(OCC)=O)OCC,Cl[Ce](Cl)Cl.CCCC[P+](CCCC)(CCCC)CCCC.[Cl-].N#CC1=CC=CC=C1,O=C1O[C@H]2CCC[C@@H]1[C@@]2(C(C)=O)C(OCC)=O,88
C[C@]1(C(O)CC[C@]12[H])CC[C@]3([H])[C@@](C(CC[C@]32[H])=C4)([H])CCC4=O,Cl[Fe](Cl)Cl.CCCC[N+](CCCC)(CCCC)CCCC.[Cl-].C(CCl)Cl,C[C@@H]([C@@]1([H])CCC=O)CC[C@]2([H])[C@@](C(CC[C@]21[H])=C3)([H])CCC3=O,91
OC1CC(C2=CC=CC=C2)C1.O=C(/C(C(OC)=O)=C\C(OCC)=O)OC,Cl[Ce](Cl)Cl.CCCC[P+](CCCC)(CCCC)CCCC.[Cl-].N#CC1=CC=CC=C1,O=C1O[C@H]2C[C@@H](C3=CC=CC=C3)C[C@@H]1C2(C(OC)=O)C(OC)=O,82
OCC1CC(O)CCO1.CC=C(C(=O)OCC)C(=O)OCC,Br[Ce](Br)Br.CCCC[N+](CCCC)(CCCC)CCCC.[Br-].CC#N,CCOC(=O)C(C(=O)OCC)C(C)C1CCCC(O)C1,82
O[C@@H]1CCC[C@@H]1C2=CC=C(F)C=C2,Cl[Ti](Cl)(Cl)Cl.O=P1(O)OC2=C(C3=C4C=CC=CC4=CC(C5=C(C(C)C)C=C(C(C)C)C=C5C(C)C)=C3O1)C6=CC=CC=C6C=C2C7=C(C(C)C)C=C(C(C)C)C=C7C(C)C.CCCCCCC,O[C@H]1CCC[C@H]1C2=CC=C(F)C=C2,96
OCC1(C2)C[C@@H]3C[C@H](C1)C[C@H]2C3.O=C(OCC)/C(C(OCC)=O)=C\C(F)(F)F,Br[Ce](Br)Br.CCCC[N+](CCCC)(CCCC)CCCC.[Br-].CC#N,CCOC(=O)C(C(=O)OCC)C(C(F)(F)F)C12CC3CC(CC(C3)C1)C2,85
O=C1C2=CC=C(OC)C=C2CCC1CC(C)(CO)C,O=S(O[Ce](OS(=O)(C(F)(F)F)=O)OS(=O)(C(F)(F)F)=O)(C(F)(F)F)=O.N#CC1=C2C=CC=CC2=C(C3=CC=CC=C3)C4=CC=CC=C14.CC(OCC)=O,O=C(OCC(C)(C)C1)C2=CC=C(OC)C=C2CCC1=O,62
O[C@@H]1CCCC[C@@H]1C2=CC(C(F)(F)F)=CC=C2,Cl[Ti](Cl)(Cl)Cl.O=P1(O)OC2=C(C3=C4C=CC=CC4=CC(C5=C(C(C)C)C=C(C(C)C)C=C5C(C)C)=C3O1)C6=CC=CC=C6C=C2C7=C(C(C)C)C=C(C(C)C)C=C7C(C)C.CC(C)CC(C)(C)C,O[C@@H]1CCCC[C@H]1C2=CC(C(F)(F)F)=CC=C2,95
BrC1=CC=C(C(F)(F)F)C=C1.OC[C@H]1CCCN1C(OC(C)(C)C)=O,COCCOC.Cl[Ni]Cl.CC1=CN=C2C(C=CC3=C(C)C(C)=CN=C23)=C1C.CC#N,FC(C1=CC=C(C=C1)[C@H]2CCCN2C(OC(C)(C)C)=O)(F)F,57
OCCCCC1=CC=C(C=C1)OC.CC(C)(OC(/N=N/C(OC(C)(C)C)=O)=O)C,Cl[Fe](Cl)Cl.CCCC[N+](CCCC)(CCCC)CCCC.[Br-].CC#N,OCCCC(N(NC(OC(C)(C)C)=O)C(OC(C)(C)C)=O)C1=CC=C(C=C1)OC,64
O=C1CCCCCCCCCCC1CCO,O=S(O[Ce](OS(=O)(C(F)(F)F)=O)OS(=O)(C(F)(F)F)=O)(C(F)(F)F)=O.N#CC1=C2C=CC=CC2=C(C3=CC=CC=C3)C4=CC=CC=C14.CC(OCC)=O,O=C(CCCCCCCCCC1)OCCC1=O,65
OCC1CC2CCC1CC2.CC=C(C(=O)OCC)C(=O)OCC,Br[Ce](Br)Br.CCCC[N+](CCCC)(CCCC)CCCC.[Br-].CC#N,CCOC(=O)C(C(=O)OCC)C(C)C1CC2CCC1CC2,54
O=C1CC(C)(CC(C1CC(O)C(C)(C)C)C)C,O=S(O[Ce](OS(=O)(C(F)(F)F)=O)OS(=O)(C(F)(F)F)=O)(C(F)(F)F)=O.N#CC1=C2C=CC=CC2=C(C3=CC=CC=C3)C4=CC=CC=C14.CC(OCC)=O,O=C(OC(CC(C(C1)C)=O)C(C)(C)C)CC1(C)C,70
C.CC(C)(OC(/N=N/C(OC(C)(C)C)=O)=O)C,CCCC[N+](CCCC)(CCCC)CCCC.CCCC[N+](CCCC)(CCCC)CCCC.Cl[Ce](Cl)(Cl)Cl.[Cl-].[Cl-].C(C(Cl)(Cl)Cl)O.CC#N,CN(C(OC(C)(C)C)=O)NC(OC(C)(C)C)=O,63
BrC1=CC=C(S(=O)(C)=O)C=C1.FC1=CC=C(C=C1)CCO,COCCOC.Cl[Ni]Cl.CC1=CN=C2C(C=CC3=C(C)C(C)=CN=C23)=C1C.CC#N,FC1=CC=C(C=C1)CC2=CC=C(S(=O)(C)=O)C=C2,65
COC1=CC=CC=C1O[C@@H](CO)[C@H](O)C2=CC=C(OCC)C(OC)=C2,FC(C=C1)=CC=C1/C2=N/N=C/C3=CC=CC=C3O[V](O2)(OC)=O.N#CC([2H])([2H])[2H],CCOC1=CC=C(C=O)C=C1OC,27
OC(C)CC1=C(C(C)C)C=C(C(C)C)C=C1C(C)C,FC1=C(/C2=N/N=C/C3=C(C=CC([N+]([O-])=O)=C3)O[V](OC)(O2)=O)C(F)=C(F)C(F)=C1F.C1=CCC=CC1.[2H]C([2H])(C#N)[2H],[H]C(C)=O,91
BrC1=CC=C(C(F)(F)F)C=C1.OC1(C)CCC1,COCCOC.Cl[Ni]Cl.CC1=CN=C2C(C=CC3=C(C)C(C)=CN=C23)=C1C.CC#N,CC(CCCC(C=C1)=CC=C1C(F)(F)F)=O,54
OCC1(C2)C[C@@H]3C[C@H](C1)C[C@H]2C3.O=C(OCC)/C(C(OCC)=O)=C\C1=CC=CC=C1,Br[Ce](Br)Br.CCCC[N+](CCCC)(CCCC)CCCC.[Br-].CC#N,COC(=O)C(C(=O)OC)C(C1=CC=CC=C1)C12CC3CC(CC(C3)C1)C2,68
O[C@@H]([C@@H](NS(C1=CC=C(C)C=C1)(=O)=O)C2=CC=CC=C2)C3=CC=C(Br)C=C3,Cl[Ti](Cl)(Cl)Cl.C1(C(CC2=CC=CC=C2)(CC3=CC=CC=C3)C4=N[C@@H](C5=CC=CC=C5)[C@@H](C6=CC=CC=C6)O4)=N[C@@H](C7=CC=CC=C7)[C@@H](C8=CC=CC=C8)O1.C(Cl)Cl,O[C@H]([C@H](NS(C1=CC=C(C)C=C1)(=O)=O)C2=CC=CC=C2)C3=CC=C(Br)C=C3,95
O[C@H](CC1)[C@]1(CC)C2=CC=C(OC)C=C2,Cl[Ti](Cl)(Cl)Cl.O=P1(O)OC2=C(C3=C4C=CC=CC4=CC(C5=C(F)C(F)=C(C6=C(F)C(F)=C(F)C(F)=C6F)C(F)=C5F)=C3O1)C7=CC=CC=C7C=C2C8=C(F)C(F)=C(C9=C(F)C(F)=C(F)C(F)=C9F)C(F)=C8F.CCCCCCC,O[C@@H](CC1)[C@@]1(CC)C2=CC=C(OC)C=C2,82
CC(C)CO.CC=C(C(=O)OCC)C(=O)OCC,Br[Ce](Br)Br.CCCC[N+](CCCC)(CCCC)CCCC.[Br-].CC#N,CCOC(=O)C(C(=O)OCC)C(C)C(C)C,70
O=C1CCCCC1CCCO,O=S(O[Ce](OS(=O)(C(F)(F)F)=O)OS(=O)(C(F)(F)F)=O)(C(F)(F)F)=O.N#CC1=C2C=CC=CC2=C(C3=CC=CC=C3)C4=CC=CC=C14.CC(OCC)=O,O=C1CCCCC(=O)OCCC1,60
CCCCO,FC1=C(/C2=N/N=C/C3=C(C=CC([N+]([O-])=O)=C3)O[V](OC)(O2)=O)C(F)=C(F)C(F)=C1F.C1=CCC=CC1.[2H]C([2H])(C#N)[2H],O=CO,6
O=C1CC(CCCC1CCO)C(C)C,O=S(O[Ce](OS(=O)(C(F)(F)F)=O)OS(=O)(C(F)(F)F)=O)(C(F)(F)F)=O.N#CC1=C2C=CC=CC2=C(C3=CC=CC=C3)C4=CC=CC=C14.CC(OCC)=O,O=C1OCCC(CCCC(C(C)C)C1)=O,77
CCCCC(O)C1=CC=CC=C1.CC(C)(OC(/N=N/C(OC(C)(C)C)=O)=O)C,Cl[Fe](Cl)Cl.CCCC[N+](CCCC)(CCCC)CCCC.[Br-].CC#N,CC(N(NC(OC(C)(C)C)=O)C(OC(C)(C)C)=O)CCC(O)C1=CC=CC=C1,46
OC1COC1.O=C(/C(C(OC)=O)=C\C(OCC)=O)OC,Cl[Ce](Cl)Cl.CCCC[P+](CCCC)(CCCC)CCCC.[Cl-].N#CC1=CC=CC=C1,O=C1O[C@H]2COC[C@@H]1C2(C(OC)=O)C(OC)=O,61
BrC1=CC=C(C(F)(F)F)C=C1.OC1(C)CCCCCCCCCCC1,COCCOC.Cl[Ni]Cl.CC1=CN=C2C(C=CC3=C(C)C(C)=CN=C23)=C1C.CC#N,CC(CCCCCCCCCCCC(C=C1)=CC=C1C(F)(F)F)=O,64
O[C@@H]1CCCCC[C@@H]1C2=CC=CC=C2,Cl[Ti](Cl)(Cl)Cl.O=P1(O)OC2=C(C3=C4C=CC=CC4=CC(C5=C(F)C(F)=C(C6=C(F)C(F)=C(F)C(F)=C6F)C(F)=C5F)=C3O1)C7=CC=CC=C7C=C2C8=C(F)C(F)=C(C9=C(F)C(F)=C(F)C(F)=C9F)C(F)=C8F.CC(C)CC(C)(C)C,O[C@@H]1CCCCC[C@H]1C2=CC=CC=C2,85
OC1(C2=CC=C(C(F)(F)F)C=C2)CCCCC1,Cl[Fe](Cl)Cl.CCCC[N+](CCCC)(CCCC)CCCC.[Cl-].C(CCl)Cl,O=C(C1=CC=C(C(F)(F)F)C=C1)CCCCC,86
OC1CN(C(OCC2=CC=CC=C2)=O)C1.O=C(/C(C(OC)=O)=C\C(OCC)=O)OC,Cl[Ce](Cl)Cl.CCCC[P+](CCCC)(CCCC)CCCC.[Cl-].N#CC1=CC=CC=C1,O=C1O[C@H]2CN(C(OCC3=CC=CC=C3)=O)C[C@@H]1C2(C(OC)=O)C(OC)=O,75
BrC1=CC=C(C(F)(F)F)C=C1.CC1(O)CCOCC1,COCCOC.Cl[Ni]Cl.CC1=CN=C2C(C=CC3=C(C)C(C)=CN=C23)=C1C.CC#N,CC(CCOCCC1=CC=C(C(F)(F)F)C=C1)=O,48
OC[C@@H]1[C@@H]2[C@@H](OC(C)(C)O2)[C@H](N3C=NC4=C3N=CN=C4N(C(C5=CC=CC=C5)=O)C(C6=CC=CC=C6)=O)O1.CC=C(C(=O)OCC)C(=O)OCC,Br[Ce](Br)Br.CCCC[N+](CCCC)(CCCC)CCCC.[Br-].N#CC1=CC=CC=C1,O=C(C1=CC=CC=C1)N(C(C2=CC=CC=C2)=O)C3=NC=NC4=C3N=CN4[C@H]5[C@H](OC(C)(C)O6)[C@H]6[C@@H]([C@H](C(C(OCC)=O)C(OCC)=O)C)O5,44
OC1(CCCN(C(OC(C)(C)C)=O)C1)C2=CC(C3=CC=CC=C3)=CC=C2,Cl[Ti](Cl)(Cl)Cl.O=P1(O)OC2=C(C3=C4C=CC=CC4=CC(C5=C(C(C)C)C=C(C(C)C)C=C5C(C)C)=C3O1)C6=CC=CC=C6C=C2C7=C(C(C)C)C=C(C(C)C)C=C7C(C)C.CC(C)CC(C)(C)C,O[C@@]1(CCCN(C(OC(C)(C)C)=O)C1)C2=CC(C3=CC=CC=C3)=CC=C2,95
OC1CCC1.O=C(/C(C1=CC=C(OC)C=C1)=C\C(OCC)=O)OCC,Cl[Ce](Cl)Cl.CCCC[P+](CCCC)(CCCC)CCCC.[Cl-].N#CC1=CC=CC=C1,O=C1O[C@H]2CCC[C@@H]1[C@]2(C(OCC)=O)C3=CC=C(OC)C=C3,76
OC1(C2=CC=C(C)C=C2)CCCCC1,Cl[Fe](Cl)Cl.CCCC[N+](CCCC)(CCCC)CCCC.[Cl-].C(CCl)Cl,O=C(C1=CC=C(C)C=C1)CCCCC,87
O[C@H](CCC1)[C@H]1C2=CC=CC3=C2OC4=CC=CC=C43,Cl[Ti](Cl)(Cl)Cl.O=P1(O)OC2=C(C3=C4C=CC=CC4=CC(C5=C(C(C)C)C=C(C(C)C)C=C5C(C)C)=C3O1)C6=CC=CC=C6C=C2C7=C(C(C)C)C=C(C(C)C)C=C7C(C)C.CCCCCCC,O[C@@H](CCC1)[C@@H]1C2=CC=CC3=C2OC4=CC=CC=C43,93
O=C1C2=C(CCCC1CCO)C=C(OC)C=C2OC,O=S(O[Ce](OS(=O)(C(F)(F)F)=O)OS(=O)(C(F)(F)F)=O)(C(F)(F)F)=O.N#CC1=C2C=CC=CC2=C(C3=CC=CC=C3)C4=CC=CC=C14.CC(OCC)=O,O=C1OCCC(CCCC2=C1C(OC)=CC(OC)=C2)=O,77
OC[C@]1(C2)C[C@]3(C)C[C@](C1)(C)C[C@H]2C3.CC=C(C(=O)OCC)C(=O)OCC,Br[Ce](Br)Br.CCCC[N+](CCCC)(CCCC)CCCC.[Br-].CC#N,O=C(OCC)C(C(OCC)=O)C(C)[C@]1(C2)C[C@]3(C)C[C@](C1)(C)C[C@H]2C3,89
CC(C)(C)OC(=O)/N=N/C(=O)OC(C)(C)C.CC(C)(C)OC(=O)/N=N/C(=O)OC(C)(C)C,[Fe](O/C(/C)=C\C(=O)C)(O/C(/C)=C\C(=O)C)O/C(/C)=C\C(=O)C.CC(C)([O-])C.[Na+].CC#N,O=C(CCCCCN(C(OC(C)(C)C)=O)NC(OC(C)(C)C)=O)C1=CC=CC(Cl)=C1,50
O=C1CCCCCC1CC(O)C(C)(C)C,O=S(O[Ce](OS(=O)(C(F)(F)F)=O)OS(=O)(C(F)(F)F)=O)(C(F)(F)F)=O.N#CC1=C2C=CC=CC2=C(C3=CC=CC=C3)C4=CC=CC=C14.CC(OCC)=O,O=C(OC(C(C)(C)C)C1)CCCCCC1=O,81
OCCC1(C2)C[C@@H]3C[C@]12CCC3.CC(C)(OC(/N=N/C(OC(C)(C)C)=O)=O)C,Cl[Fe](Cl)Cl.CCCC[N+](CCCC)(CCCC)CCCC.[Br-].CC#N,OCCC1(C2)C[C@]3(N(NC(OC(C)(C)C)=O)C(OC(C)(C)C)=O)C[C@]12CCC3,62
BrC1=CC=C(C(F)(F)F)C=C1.OC(C)(C(C)(C)C)C1=CC=CC=C1,COCCOC.Cl[Ni]Cl.CC1=CN=C2C(C=CC3=C(C)C(C)=CN=C23)=C1C.CC#N,CC(C1=CC=C(C(F)(F)F)C=C1)(C)C,3
BrC1=CC=C(C2=CC=CC=C2)C=C1.FC1=CC=C(C=C1)CCO,COCCOC.Cl[Ni]Cl.CC1=CN=C2C(C=CC3=C(C)C(C)=CN=C23)=C1C.CC#N,FC1=CC=C(C=C1)CC2=CC=C(C2=CC=CC=C2)C=C2,85
ClC1=CC=C([C@@H]2[C@H](O)CCCC2)C=C1,Cl[Ti](Cl)(Cl)Cl.O=P1(O)OC2=C(C3=C4C=CC=CC4=CC(C5=C(C(C)C)C=C(C(C)C)C=C5C(C)C)=C3O1)C6=CC=CC=C6C=C2C7=C(C(C)C)C=C(C(C)C)C=C7C(C)C.CC(C)CC(C)(C)C,ClC1=CC=C([C@H]2[C@H](O)CCCC2)C=C1,93
OCCC1CCCC1.CC(C)(OC(/N=N/C(OC(C)(C)C)=O)=O)C,Cl[Fe](Cl)Cl.CCCC[N+](CCCC)(CCCC)CCCC.[Br-].CC#N,OCCC1C(N(NC(OC(C)(C)C)=O)C(OC(C)(C)C)=O)CCC1,83
CC1(O)CCCCC1,Cl[Fe](Cl)Cl.CCCC[N+](CCCC)(CCCC)CCCC.[Cl-].C(CCl)Cl,CC(CCCCC)=O,31
OCCC1=CC=C(OC)C(OC)=C1,FC1=C(/C2=N/N=C/C3=C(C=CC([N+]([O-])=O)=C3)O[V](OC)(O2)=O)C(F)=C(F)C(F)=C1F.C1=CCC=CC1.[2H]C([2H])(C#N)[2H],[H]C([H])=O,10
OCCC1(C2)C[C@@H]3C[C@@H](C[C@H]2C3)C1.CC(C)(C)OC(=O)/N=N/C(=O)OC(C)(C)C,Cl[Fe](Cl)Cl.C[N+](C)(C)C.[Cl-].N#CC,OCC[C@]1(C2N(NC(OC(C)(C)C)=O)C(OC(C)(C)C)=O)C[C@@H]3C[C@@H](C[C@H]2C3)C1,65
O[C@@H]([C@H](CO)OCC1=CC=CC=C1)C2=CC=C(OCC)C(OC)=C2,FC(C(F)=C(C(F)=C1F)F)=C1/C2=N/N=C/C3=CC=CC=C3O[V](O2)(OC)=O.N#CC([2H])([2H])[2H],CCOC1=CC=C(C=O)C=C1OC,82
O[C@@H]([C@@H](NS(C1=CC=C(C)C=C1)(=O)=O)C2=CC=CC=C2)C3=CC=CC=C3,Cl[Ti](Cl)(Cl)Cl.C1(C(CC2=CC=CC=C2)(CC3=CC=CC=C3)C4=N[C@@H](C5=CC=CC=C5)[C@@H](C6=CC=CC=C6)O4)=N[C@@H](C7=CC=CC=C7)[C@@H](C8=CC=CC=C8)O1.C(Cl)Cl,O[C@H]([C@H](NS(C1=CC=C(C)C=C1)(=O)=O)C2=CC=CC=C2)C3=CC=CC=C3,95
O[C@@H]([C@@H](OC1=C(OC)C=CC=C1)CO)C2=CC(OC)=C(OCC)C=C2,FC1=CC=C(/C(O2)=N/N=C/C3=CC=CC=C3O[V]2(OC)=O)C=C1.CC#N,CCOC1=C(C=C(C=O)C=C1)OC,39
C.O=C(/C(C(OCC)=O)=C\C(OCC)=O)OCC,CCCC[N+](CCCC)(CCCC)CCCC.CCCC[N+](CCCC)(CCCC)CCCC.Cl[Ce](Cl)(Cl)Cl.[Cl-].[Cl-].C(C(Cl)(Cl)Cl)O.CC#N,CC(C(C(OCC)=O)C(OCC)=O)C(OCC)=O,56
O[C@@H]([C@@H](OC1=C(OC)C=CC=C1)CO)C2=CC(OC)=C(OCC)C=C2,FC1=CC=C(/C(O2)=N/N=C/C3=CC=CC=C3O[V]2(OC)=O)C=C1.CC#N,CCOC1=C(C=C(C=O)C=C1)OC,50
CC(C)C1[C@H](O)C[C@H](CC1)C.CC(C)(OC(/N=N/C(OC(C)(C)C)=O)=O)C,Cl[Fe](Cl)Cl.CCCC[N+](CCCC)(CCCC)CCCC.[Br-].CC#N,CC(CN(NC(OC(C)(C)C)=O)C(OC(C)(C)C)=O)C1[C@H](O)C[C@H](CC1)C,49
O[C@@H]1CCCC[C@@H]1C2=CC(Cl)=CC=C2,Cl[Ti](Cl)(Cl)Cl.O=P1(O)OC2=C(C3=C4C=CC=CC4=CC(C5=C(C(C)C)C=C(C(C)C)C=C5C(C)C)=C3O1)C6=CC=CC=C6C=C2C7=C(C(C)C)C=C(C(C)C)C=C7C(C)C.CC(C)CC(C)(C)C,O[C@@H]1CCCC[C@H]1C2=CC(Cl)=CC=C2,91
OC(CC1=CC=CC=C1)C2=CC(OC)=C(OC)C=C2,FC1=C(/C2=N/N=C/C3=C(C=CC([N+]([O-])=O)=C3)O[V](OC)(O2)=O)C(F)=C(F)C(F)=C1F.C1=CCC=CC1.[2H]C([2H])(C#N)[2H],O=CC1=CC=C(OC)C(OC)=C1,80
[2H][C@]1(O)C([2H])([2H])CC[C@@]1([2H])C2=CC=CC=C2,Cl[Ti](Cl)(Cl)Cl.O=P1(O)OC2=C(C3=C4C=CC=CC4=CC(C5=C(C(C)C)C=C(C(C)C)C=C5C(C)C)=C3O1)C6=CC=CC=C6C=C2C7=C(C(C)C)C=C(C(C)C)C=C7C(C)C.CCCCCCC,[2H][C@]1(O)C([2H])([2H])CC[C@@]1([2H])C2=CC=CC=C2,88
BrC1=CC=C(C(C)(C)C)C=C1.FC1=CC=C(C=C1)CCO,COCCOC.Cl[Ni]Cl.CC1=CN=C2C(C=CC3=C(C)C(C)=CN=C23)=C1C.CC#N,FC1=CC=C(C=C1)CC2=CC=C(C(C)(C)C)C=C2,70
OCCCCC1=CC=CC=C1.C1(/N=N/C2=CC=CC=C2)=CC=CC=C1,Cl[Fe](Cl)Cl.C[N+](C)(C)C.[Cl-].N#CC,OCCCC(N(C1=CC=CC=C1)NC2=CC=CC=C2)C3=CC=CC=C3,0
OCCCCC1=CC=C(OC)C=C1.CC(C)(C)OC(=O)/N=N/C(=O)OC(C)(C)C,Cl[Fe](Cl)Cl.C[N+](C)(C)C.[Cl-].N#CC,COC1=CC=C(C(CCCO)N(NC(OC(C)(C)C)=O)C(OC(C)(C)C)=O)C=C1,71
COC1=CC=CC=C1O[C@@H](CO)[C@H](O)C2=CC=C(OCC)C(OC)=C2,FC(C=C1)=CC=C1/C2=N/N=C/C3=CC=CC(C(C)(C)C)=C3O[V](O2)(OC)=O.N#CC([2H])([2H])[2H],CCOC1=CC=C(C=O)C=C1OC,15
OC1CCC1.CC(C)(C)OC(=O)/N=N/C(=O)OC(C)(C)C,[Fe](O/C(/C)=C\C(=O)C)(O/C(/C)=C\C(=O)C)O/C(/C)=C\C(=O)C.CC(C)([O-])C.[Na+].CC#N,O[C@H]1N(C(OC(C)(C)C)=O)N(C(OC(C)(C)C)=O)CCC1,32
OC1CCC1.O=C(/C(C1=CC=CC=C1)=C\C(OCC)=O)OCC,Cl[Ce](Cl)Cl.CCCC[P+](CCCC)(CCCC)CCCC.[Cl-].N#CC1=CC=CC=C1,O=C1O[C@H]2CCC[C@@H]1[C@@]2(C3=CC=CC=C3)C(OCC)=O,57
OCCCCCCOC(C1=CC=CC=C1)=O.CC(C)(C)OC(=O)/N=N/C(=O)OC(C)(C)C,Cl[Fe](Cl)Cl.C[N+](C)(C)C.[Cl-].N#CC,CC(C)(C)OC(=O)NN(C(=O)OC(C)(C)C)C(CCCO)CCOC(=O)C1=CC=CC=C1,45
OC1(C)CCCCN(C(OC(C)(C)C)=O)C1,Cl[Ti](Cl)(Cl)Cl.O=P1(O)OC2=C(C3=C4C=CC=CC4=CC(C5=C(F)C(F)=C(C(F)=C(F)C(F)=C6F)C6=C5F)=C3O1)C7=CC=CC=C7C=C2C8=C(F)C(C(F)=C(F)C(F)=C9F)=C9C(F)=C8F.C1CCCCC1,O[C@]1(C)CCCCN(C(OC(C)(C)C)=O)C1,80
OC1(C)CCCN(C(OC(C)(C)C)=O)C1,Cl[Ti](Cl)(Cl)Cl.O=P1(O)OC2=C(C3=C4C=CC=CC4=CC(C5=C(C(C)C)C=C(C(C)C)C=C5C(C)C)=C3O1)C6=CC=CC=C6C=C2C7=C(C(C)C)C=C(C(C)C)C=C7C(C)C.CC(C)CC(C)(C)C,O[C@]1(C)CCCN(C(OC(C)(C)C)=O)C1,91
ClC(C=C1)=CC=C1CCCCO.CC(C)(OC(/N=N/C(OC(C)(C)C)=O)=O)C,Cl[Fe](Cl)Cl.CCCC[N+](CCCC)(CCCC)CCCC.[Br-].CC#N,ClC(C=C1)=CC=C1C(N(NC(OC(C)(C)C)=O)C(OC(C)(C)C)=O)CCCO,76
BrC1=CC=C(S(=O)(C)=O)C=C1.OC(C)(C)C1=CC=CC=C1,COCCOC.Cl[Ni]Cl.CC1=CN=C2C(C=CC3=C(C)C(C)=CN=C23)=C1C.CC#N,O=S(C1=CC=C(C)C=C1)(C)=O,60
CC(C)(CO)C,FC1=C(/C2=N/N=C/C3=C(C=CC([N+]([O-])=O)=C3)O[V](OC)(O2)=O)C(F)=C(F)C(F)=C1F.C1=CCC=CC1.[2H]C([2H])(C#N)[2H],CO[H],13
OCC1CCCC1.CC=C(C(=O)OCC)C(=O)OCC,Br[Ce](Br)Br.CCCC[N+](CCCC)(CCCC)CCCC.[Br-].CC#N,CCOC(=O)C(C(=O)OCC)C(C)C1CCCC1,82
OC(CC1CCCCC1=O)C23C[C@H]4C[C@@H](C3)C[C@H](C4)C2,O=S(O[Ce](OS(=O)(C(F)(F)F)=O)OS(=O)(C(F)(F)F)=O)(C(F)(F)F)=O.N#CC1=C2C=CC=CC2=C(C3=CC=CC=C3)C4=CC=CC=C14.CC(OCC)=O,O=C(CCCC1)CC(C23C[C@@H](C[C@@H](C3)C4)C[C@@H]4C2)OC1=O,64
OCCCCCC1=CC=CC=C1.CC(C)(OC(/N=N/C(OC(C)(C)C)=O)=O)C,Cl[Fe](Cl)Cl.CCCC[N+](CCCC)(CCCC)CCCC.[Br-].CC#N,OCCCC(N(NC(OC(C)(C)C)=O)C(OC(C)(C)C)=O)CC1=CC=CC=C1,74
OC1(C2=CC=C(Br)C=C2)CCCCC1.CC(C)(C)OC(=O)/N=N/C(=O)OC(C)(C)C,[Fe](O/C(/C)=C\C(=O)C)(O/C(/C)=C\C(=O)C)O/C(/C)=C\C(=O)C.CC(C)([O-])C.[Na+].CC#N,O=C(CCCCCN(C(OC(C)(C)C)=O)NC(OC(C)(C)C)=O)C1=CC=C(Br)C=C1,80
O[C@@H]([C@H](CO)OCC1=CC=CC=C1)C2=CC=C(OCC)C(OC)=C2,FC(C(F)=C(C(F)=C1F)F)=C1/C2=N/N=C/C3=CC([N+]([O-])=O)=CC=C3O[V](O2)(OC)=O.N#CC([2H])([2H])[2H],CCOC1=CC=C(C=O)C=C1OC,81
OCCCC1[C@H](CC[C@@H]2CC1=O)N2C(OC(C)(C)C)=O,O=S(O[Ce](OS(=O)(C(F)(F)F)=O)OS(=O)(C(F)(F)F)=O)(C(F)(F)F)=O.N#CC1=C2C=CC=CC2=C(C3=CC=CC=C3)C4=CC=CC=C14.CC(OCC)=O,O=C(CCCO1)[C@@H](N2C(OC(C)(C)C)=O)CC[C@@H]2CC1=O,50
OC1(CCC1)C2=CC=C(OC)C=C2,Cl[Fe](Cl)Cl.CCCC[N+](CCCC)(CCCC)CCCC.[Cl-].C(CCl)Cl,CCCC(C1=CC=C(OC)C=C1)=O,97
BrC1=CC=C(C(F)(F)F)C=C1.OC(C)(C)C1=CC=CC=C1,COCCOC.Cl[Ni]Cl.CC1=CN=C2C(C=CC3=C(C)C(C)=CN=C23)=C1C.CC#N,FC(C1=CC=C(C)C=C1)(F)F,60
CC(C)(C)CO.CC=C(C(=O)OCC)C(=O)OCC,Br[Ce](Br)Br.CCCC[N+](CCCC)(CCCC)CCCC.[Br-].CC#N,CCOC(=O)C(C(=O)OCC)C(C)C(C)(C)C,72
O=C1C2=C(OC)C=C(OC)C=C2CCCC1CC(CO)O[Si](C(C)(C)C)(C)C,O=S(O[Ce](OS(=O)(C(F)(F)F)=O)OS(=O)(C(F)(F)F)=O)(C(F)(F)F)=O.N#CC1=C2C=CC=CC2=C(C3=CC=CC=C3)C4=CC=CC=C14.CC(OCC)=O,O=C(C1=C(OC)C=C(OC)C=C1CCC2)OCC(O[Si](C)(C)C(C)(C)C)CC2=O,70
OCC(C1CCC2=CCC[C@H]([C@@]2(C1)C)C)C.CC=C(C(=O)OCC)C(=O)OCC,Br[Ce](Br)Br.CCCC[N+](CCCC)(CCCC)CCCC.[Br-].CC#N,CCOC(C(C(C(C1CCC2=CCC[C@H]([C@@]2(C1)C)C)C)C)C(OCC)=O)=O,67
C=CCCCC(CC)(CC)O.CC(C)(OC(/N=N/C(OC(C)(C)C)=O)=O)C,Cl[Fe](Cl)Cl.CCCC[N+](CCCC)(CCCC)CCCC.[Br-].CC#N,C=CC(N(NC(OC(C)(C)C)=O)C(OC(C)(C)C)=O)CCC(CC)(CC)O,40
OC(CN(C(OC(C)(C)C)=O)C1)(C)CC21CCC2,Cl[Ti](Cl)(Cl)Cl.O=P1(O)OC2=C(C3=C4C=CC=CC4=CC(C5=C(C(C)C)C=C(C(C)C)C=C5C(C)C)=C3O1)C6=CC=CC=C6C=C2C7=C(C(C)C)C=C(C(C)C)C=C7C(C)C.CC(C)CC(C)(C)C,O[C@](CN(C(OC(C)(C)C)=O)C1)(C)CC21CCC2,90
OC1(CCCC1)C2=CC=C(OC)C=C2,Cl[Fe](Cl)Cl.CCCC[N+](CCCC)(CCCC)CCCC.[Cl-].C(CCl)Cl,O=C(C1=CC=C(OC)C=C1)CCCC,92
OC(CCCC1)[C@@H]1C2=CC=CC=C2,Cl[Fe](Cl)Cl.CCCC[N+](CCCC)(CCCC)CCCC.[Cl-].C(CCl)Cl,O=CCCCCCC1=CC=CC=C1,54
BrC1=CC=C(C(F)(F)F)C=C1.OCCC1=CC2CC(C2(C)C)C1,COCCOC.Cl[Ni]Cl.CC1=CN=C2C(C=CC3=C(C)C(C)=CN=C23)=C1C.CC#N,CC1(C)C2CC(CC3=CC=C(C(F)(F)F)C=C3)=CC1C2,56
FC1=CC=C([C@@H]2[C@H](O)CCCC2)C=C1,Cl[Ti](Cl)(Cl)Cl.O=P1(O)OC2=C(C3=C4C=CC=CC4=CC(C5=C(C(C)C)C=C(C(C)C)C=C5C(C)C)=C3O1)C6=CC=CC=C6C=C2C7=C(C(C)C)C=C(C(C)C)C=C7C(C)C.CC(C)CC(C)(C)C,FC1=CC=C([C@H]2[C@H](O)CCCC2)C=C1,94
O[C@H]1[C@H](C)C2=CC(OC)=CC=C2C1.O=C(/C(C(OC)=O)=C\C(OCC)=O)OC,Cl[Ce](Cl)Cl.CCCC[P+](CCCC)(CCCC)CCCC.[Cl-].N#CC1=CC=CC=C1,O=C1O[C@H]2C(C(OC)=O)(C(OC)=O)[C@@H]1[C@H](C)C3=C(C2)C=CC(OC)=C3,54
O[C@@H](CNC(C1=CC=CC=C1)=O)C2=CC=CC=C2,Cl[Fe](Cl)Cl.CCCC[N+](CCCC)(CCCC)CCCC.[Cl-].C(CCl)Cl,O=CC1=CC=CC=C1,96
FC1=CC=CC(C2(O)CCCN(C(OC(C)(C)C)=O)C2)=C1OC,Cl[Ti](Cl)(Cl)Cl.O=P1(O)OC2=C(C3=C4C=CC=CC4=CC(C5=C(C(C)C)C=C(C(C)C)C=C5C(C)C)=C3O1)C6=CC=CC=C6C=C2C7=C(C(C)C)C=C(C(C)C)C=C7C(C)C.CC(C)CC(C)(C)C,FC1=CC=CC([C@@]2(O)CCCN(C(OC(C)(C)C)=O)C2)=C1OC,95
OCC1(C2)C[C@@H]3C[C@H](C1)C[C@H]2C3.C=C(C(OC(C)(C)C)=O)C(OC(C)(C)C)=O,Br[Ce](Br)Br.CCCC[N+](CCCC)(CCCC)CCCC.[Br-].CC#N,CC(C)(OC(C(C(OC(C)(C)C)=O)CC12CC3CC(C2)CC(C1)C3)=O)C,65
O=C1CC[C@@]2(C)[C@H](C1CCO)CCC3C2CC[C@@]4(C)C3CC[C@@H]4OC(C5=CC=CC=C5)=O,O=S(O[Ce](OS(=O)(C(F)(F)F)=O)OS(=O)(C(F)(F)F)=O)(C(F)(F)F)=O.N#CC1=C2C=CC=CC2=C(C3=CC=CC=C3)C4=CC=CC=C14.CC(OCC)=O,O=C1CC[C@@]2(C)C(C(CCO1)=O)CCC3C2CC[C@@]4(C)C3CC[C@@H]4OC(C5=CC=CC=C5)=O,73
ClC1=CC=C2C[C@@H](O)[C@H](C)C2=C1.O=C(/C(C(OC)=O)=C\C(OCC)=O)OC,Cl[Ce](Cl)Cl.CCCC[P+](CCCC)(CCCC)CCCC.[Cl-].N#CC1=CC=CC=C1,O=C1O[C@H]2C(C(OC)=O)(C(OC)=O)[C@@H]1[C@H](C)C3=C(C2)C=CC(Cl)=C3,69
O[C@H]1CCCC[C@H]1C.CC(C)(C)OC(=O)/N=N/C(=O)OC(C)(C)C,[Fe](O/C(/C)=C\C(=O)C)(O/C(/C)=C\C(=O)C)O/C(/C)=C\C(=O)C.CC(C)([O-])C.[Na+].CC#N,[H]C(CCCC[C@@H](C)N(NC(OC(C)(C)C)=O)C(OC(C)(C)C)=O)=O,21
CC(C)(O)CCCCCBr.CC(C)(OC(/N=N/C(OC(C)(C)C)=O)=O)C,Cl[Fe](Cl)Cl.CCCC[N+](CCCC)(CCCC)CCCC.[Br-].CC#N,CC(C)(O)CCC(N(NC(OC(C)(C)C)=O)C(OC(C)(C)C)=O)CCBr,52
OC(C)CC1=C(C)C=C(C)C=C1C,FC1=C(/C2=N/N=C/C3=C(C=CC([N+]([O-])=O)=C3)O[V](OC)(O2)=O)C(F)=C(F)C(F)=C1F.C1=CCC=CC1.[2H]C([2H])(C#N)[2H],[H]C(C)=O,72
OCC1CCC(C(F)(F)F)CC1.CC=C(C(=O)OCC)C(=O)OCC,Br[Ce](Br)Br.CCCC[N+](CCCC)(CCCC)CCCC.[Br-].CC#N,CCOC(=O)C(C(=O)OCC)C(C)C1CCC(C(F)(F)F)CC1,67
O=C(C1(O)CCCCC1)C2=CC=CC=C2,Cl[Fe](Cl)Cl.CCCC[N+](CCCC)(CCCC)CCCC.[Cl-].C(CCl)Cl,O=C1CCCCC1,81
OC(C)CCCC.CC(C)(C)OC(=O)/N=N/C(=O)OC(C)(C)C,Cl[Fe](Cl)Cl.C[N+](C)(C)C.[Cl-].N#CC,CC(O)CCC(C)N(NC(=O)OC(C)(C)C)C(=O)OC(C)(C)C,74
O[C@@]1(CCCCCCCCCCC1)C2=CC=CC=C2,Cl[Fe](Cl)Cl.CCCC[N+](CCCC)(CCCC)CCCC.[Cl-].C(CCl)Cl,O=C(C1=CC=CC=C1)CCCCCCCCCCC,53
OC1(C[C@H](OCC2=CC=CC=C2)C1)C3=CC=C(OC)C=C3,Cl[Fe](Cl)Cl.CCCC[N+](CCCC)(CCCC)CCCC.[Cl-].C(CCl)Cl,CC(OCC1=CC=CC=C1)CC(C2=CC=C(OC)C=C2)=O,86
OC1(CC1)C2=CC=C(OC)C=C2,Cl[Fe](Cl)Cl.CCCC[N+](CCCC)(CCCC)CCCC.[Cl-].C(CCl)Cl,CCC(C1=CC=C(OC)C=C1)=O,58
BrC1=CC=C(OC)C=C1.FC1=CC=C(C=C1)CCO,COCCOC.Cl[Ni]Cl.CC1=CN=C2C(C=CC3=C(C)C(C)=CN=C23)=C1C.CC#N,FC1=CC=C(C=C1)CC2=CC=C(OC)C=C2,59
OC(CC1=CC=CC=C1)C2=CC=C(C=C2)C,FC1=C(/C2=N/N=C/C3=C(C=CC([N+]([O-])=O)=C3)O[V](OC)(O2)=O)C(F)=C(F)C(F)=C1F.C1=CCC=CC1.[2H]C([2H])(C#N)[2H],CC1=CC=C(C=O)C=C1,91
OC1(CCCCC1)C2=CC=C(C)C=C2.CC(C)(OC(/N=N/C(OC(C)(C)C)=O)=O)C,Cl[Ce](Cl)Cl.CCCC[N+](CCCC)(CCCC)CCCC.[Cl-].CC#N,O=C(C1=CC=C(C)C=C1)CCCCCN(NC(OC(C)(C)C)=O)C(OC(C)(C)C)=O,89
OC(CC1=CC=CC=C1)C2=C(F)C(F)=C(F)C(F)=C2F,FC1=C(/C2=N/N=C/C3=C(C=CC([N+]([O-])=O)=C3)O[V](OC)(O2)=O)C(F)=C(F)C(F)=C1F.C1=CCC=CC1.[2H]C([2H])(C#N)[2H],FC1=C(F)C(F)=C(C=O)C(F)=C1F,77
OCCCC1CCCC1.CC(C)(C)OC(=O)/N=N/C(=O)OC(C)(C)C,Cl[Fe](Cl)Cl.C[N+](C)(C)C.[Cl-].N#CC,CC(C)(C)OC(=O)NN(C(=O)OC(C)(C)C)C1(CCCO)CCCC1,92
OC1CC2=CC=CC=C2C1.O=C(/C(C(OC)=O)=C\C(OCC)=O)OC,Cl[Ce](Cl)Cl.CCCC[P+](CCCC)(CCCC)CCCC.[Cl-].N#CC1=CC=CC=C1,O=C1O[C@H]2C(C(OC)=O)(C(OC)=O)[C@@H]1CC3=C(C2)C=CC=C3,82
OCC1CC2CCC1C2.CC=C(C(=O)OCC)C(=O)OCC,Br[Ce](Br)Br.CCCC[N+](CCCC)(CCCC)CCCC.[Br-].CC#N,CC(C(C(OCC)=O)C(OCC)=O)C1C2CCC(C2)C1,59
O=C1CCCC(OCC2=CC=CC=C2)CC1CCO,O=S(O[Ce](OS(=O)(C(F)(F)F)=O)OS(=O)(C(F)(F)F)=O)(C(F)(F)F)=O.N#CC1=C2C=CC=CC2=C(C3=CC=CC=C3)C4=CC=CC=C14.CC(OCC)=O,O=C(OCC1)CCCC(OCC2=CC=CC=C2)CC1=O,71
OC1(C2=CC=CC=C2)CCCCCCC1.CC(C)(C)OC(=O)/N=N/C(=O)OC(C)(C)C,[Fe](O/C(/C)=C\C(=O)C)(O/C(/C)=C\C(=O)C)O/C(/C)=C\C(=O)C.CC(C)([O-])C.[Na+].CC#N,O=C(C1=CC=CC=C1)CCCCCCCN(C(OC(C)(C)C)=O)NC(OC(C)(C)C)=O,27
O[C@@H]([C@@H](NS(C1=CC=C(C)C=C1)(=O)=O)C2=CC=CC=C2)C3=CC=C(Cl)C=C3,Cl[Ti](Cl)(Cl)Cl.C1(C(CC2=CC=CC=C2)(CC3=CC=CC=C3)C4=N[C@@H](C5=CC=CC=C5)[C@@H](C6=CC=CC=C6)O4)=N[C@@H](C7=CC=CC=C7)[C@@H](C8=CC=CC=C8)O1.C(Cl)Cl,O[C@H]([C@H](NS(C1=CC=C(C)C=C1)(=O)=O)C2=CC=CC=C2)C3=CC=C(Cl)C=C3,92
OC(CC1=CC=CC=C1)C2=CC=C(B3OC(C)(C)C(C)(C)O3)C=C2,FC1=C(/C2=N/N=C/C3=C(C=CC([N+]([O-])=O)=C3)O[V](OC)(O2)=O)C(F)=C(F)C(F)=C1F.C1=CCC=CC1.[2H]C([2H])(C#N)[2H],CC(C)(C(C)(O1)C)OB1C(C=C2)=CC=C2C=O,93
O=C1CC[C@@]2(C)[C@H](C1CCO)CCC3C2CC[C@@]4(C)C3CC[C@@H]4[C@H](CCCC(C)C)C,O=S(O[Ce](OS(=O)(C(F)(F)F)=O)OS(=O)(C(F)(F)F)=O)(C(F)(F)F)=O.N#CC1=C2C=CC=CC2=C(C3=CC=CC=C3)C4=CC=CC=C14.CC(OCC)=O,O=C1CC[C@@]2(C)C(C(CCO1)=O)CCC3C2CC[C@@]4(C)C3CC[C@@H]4[C@H](CCCC(C)C)C,62
OC1(CCCCC1)C2=CC=C(F)C=C2.CC(C)(OC(/N=N/C(OC(C)(C)C)=O)=O)C,Cl[Ce](Cl)Cl.CCCC[N+](CCCC)(CCCC)CCCC.[Cl-].CC#N,O=C(C1=CC=C(F)C=C1)CCCCCN(NC(OC(C)(C)C)=O)C(OC(C)(C)C)=O,84
CC(C)(C)C1=CC=C(CC(O)C2=CC=C(OC)C(OC)=C2)C=C1,FC1=C(/C2=N/N=C/C3=C(C=CC([N+]([O-])=O)=C3)O[V](OC)(O2)=O)C(F)=C(F)C(F)=C1F.C1=CCC=CC1.[2H]C([2H])(C#N)[2H],O=CC(C=C1)=CC(OC)=C1OC,70
BrC1=CC(OC)=C([C@@H]2[C@H](O)CC2)C=C1,Cl[Ti](Cl)(Cl)Cl.O=P1(O)OC2=C(C3=C4C=CC=CC4=CC(C5=C(F)C(F)=C(C6=C(F)C(F)=C(F)C(F)=C6F)C(F)=C5F)=C3O1)C7=CC=CC=C7C=C2C8=C(F)C(F)=C(C9=C(F)C(F)=C(F)C(F)=C9F)C(F)=C8F.CC(C)CC(C)(C)C,BrC1=CC(OC)=C([C@@H]2[C@@H](O)CC2)C=C1,81
CC(C)(C)C1CCC(C(CCO)C1)=O,O=S(O[Ce](OS(=O)(C(F)(F)F)=O)OS(=O)(C(F)(F)F)=O)(C(F)(F)F)=O.N#CC1=C2C=CC=CC2=C(C3=CC=CC=C3)C4=CC=CC=C14.CC(OCC)=O,CC(C)(C1CCC(OCCC(C1)=O)=O)C,66
OC1(C2=CC=C(OC)C=C2)CCCCC1.CC(C)(C)OC(=O)/N=N/C(=O)OC(C)(C)C,[Fe](O/C(/C)=C\C(=O)C)(O/C(/C)=C\C(=O)C)O/C(/C)=C\C(=O)C.CC(C)([O-])C.[Na+].CC#N,O=C(CCCCCN(C(OC(C)(C)C)=O)NC(OC(C)(C)C)=O)C1=CC=C(OC)C=C1,93
OC1(C[C@H](C(OC(C)(C)C)=O)C1)C2=CC=C(OC)C=C2,Cl[Fe](Cl)Cl.CCCC[N+](CCCC)(CCCC)CCCC.[Cl-].C(CCl)Cl,CC(C(OC(C)(C)C)=O)CC(C1=CC=C(OC)C=C1)=O,79
OC1(c2ccccc2)CCCCCCC1.CC(C)(OC(/N=N/C(OC(C)(C)C)=O)=O)C,Cl[Ce](Cl)Cl.CCCC[N+](CCCC)(CCCC)CCCC.[Cl-].CC#N,O=C(C1=CC=CC=C1)CCCCCCCN(NC(OC(C)(C)C)=O)C(OC(C)(C)C)=O,77
BrC1=CC=C(C#N)C=C1.FC1=CC=C(C=C1)CCO,COCCOC.Cl[Ni]Cl.CC1=CN=C2C(C=CC3=C(C)C(C)=CN=C23)=C1C.CC#N,FC1=CC=C(C=C1)CC2=CC=C(C#N)C=C2,88
CC.CC(OC(/N=N/C(OC(C)C)=O)=O)C,Cl[Ce](Cl)Cl.C(C(Cl)(Cl)Cl)O.CC#N,CCN(C(OC(C)C)=O)NC(OC(C)C)=O,97
O[C@@H]([C@H](CO)OCC1=CC=CC=C1)C2=CC=C(OCC)C(OC)=C2,FC(C=C1)=CC=C1/C2=N/N=C/C3=CC=CC(C(C)(C)C)=C3O[V](O2)(OC)=O.N#CC([2H])([2H])[2H],CCOC1=CC=C(C=O)C=C1OC,70
OC(CC1=CC=CC=C1)C2=CC=C(C=C2)C(F)(F)F,FC1=C(/C2=N/N=C/C3=C(C=CC([N+]([O-])=O)=C3)O[V](OC)(O2)=O)C(F)=C(F)C(F)=C1F.C1=CCC=CC1.[2H]C([2H])(C#N)[2H],O=CC1=CC=C(C(F)(F)F)C=C1,96
OC1(C2=CSC3=C2C=CC=C3)CCCCC1.CC(C)(C)OC(=O)/N=N/C(=O)OC(C)(C)C,[Fe](O/C(/C)=C\C(=O)C)(O/C(/C)=C\C(=O)C)O/C(/C)=C\C(=O)C.CC(C)([O-])C.[Na+].CC#N,O=C(CCCCCN(C(OC(C)(C)C)=O)NC(OC(C)(C)C)=O)C1=CC2=C(C=CC=C2)S1,43
OCC1(C2)C[C@@H]3C[C@H](C1)C[C@H]2C3.N#C/C(C#N)=C/C1=CC=CC=C1,Br[Ce](Br)Br.CCCC[N+](CCCC)(CCCC)CCCC.[Br-].CC#N,CC1CC2CCCC(C(C3=CC=CC=C3)C(C#N)C#N)(C1)C2,69
O[C@@H]([C@@H](NS(C1=CC=C(C)C=C1)(=O)=O)C2=CC=CC=C2)C3=CC(C=CO4)=C4C=C3,Cl[Ti](Cl)(Cl)Cl.C1(C(CC2=CC=CC=C2)(CC3=CC=CC=C3)C4=N[C@@H](C5=CC=CC=C5)[C@@H](C6=CC=CC=C6)O4)=N[C@@H](C7=CC=CC=C7)[C@@H](C8=CC=CC=C8)O1.C(Cl)Cl,O[C@H]([C@H](NS(C1=CC=C(C)C=C1)(=O)=O)C2=CC=CC=C2)C3=CC(C=CO4)=C4C=C3,96
O[C@H]1[C@H](C)C2=CC(C#N)=CC=C2C1.O=C(/C(C(OC)=O)=C\C(OCC)=O)OC,Cl[Ce](Cl)Cl.CCCC[P+](CCCC)(CCCC)CCCC.[Cl-].N#CC1=CC=CC=C1,O=C1O[C@H]2C(C(OC)=O)(C(OC)=O)[C@@H]1[C@H](C)C3=C(C2)C=CC(C#N)=C3,54
OC1CCCCCCC1.CC(C)(OC(/N=N/C(OC(C)(C)C)=O)=O)C,Cl[Fe](Cl)Cl.CCCC[N+](CCCC)(CCCC)CCCC.[Br-].CC#N,OC1CCC(N(NC(OC(C)(C)C)=O)C(OC(C)(C)C)=O)CCCC1,69
OC1[C@@H](C)CCCC1,Cl[Fe](Cl)Cl.CCCC[N+](CCCC)(CCCC)CCCC.[Cl-].C(CCl)Cl,O=CCCCCCC,56
O[C@@H]([C@@H](OC1=C(OC)C=CC=C1)CO)C2=CC(OC)=C(OCC)C=C2,O=[V](C(C)C)(C(C)C)C(C)C.CC#N,CCOC1=C(OC)C=C(C=C1)C=O,7
OCCCCC.CC(C)(C)OC(=O)/N=N/C(=O)OC(C)(C)C,Cl[Fe](Cl)Cl.C[N+](C)(C)C.[Cl-].N#CC,CC(CCCO)N(NC(=O)OC(C)(C)C)C(=O)OC(C)(C)C,78
O[C@]([C@@H](NS(C1=CC=C(C)C=C1)(=O)=O)C2=CC=CC=C2)([2H])C3=CC=CC=C3,Cl[Ti](Cl)(Cl)Cl.C1(C(CC2=CC=CC=C2)(CC3=CC=CC=C3)C4=N[C@@H](C5=CC=CC=C5)[C@@H](C6=CC=CC=C6)O4)=N[C@@H](C7=CC=CC=C7)[C@@H](C8=CC=CC=C8)O1.C(Cl)Cl,O[C@@]([C@H](NS(C1=CC=C(C)C=C1)(=O)=O)C2=CC=CC=C2)([2H])C3=CC=CC=C3,90
OCC1CCCCCCC1.CC=C(C(=O)OCC)C(=O)OCC,Br[Ce](Br)Br.CCCC[N+](CCCC)(CCCC)CCCC.[Br-].CC#N,CCOC(=O)C(C(=O)OCC)C(C)C1CCCCCCC1,84
O[C@@H]1CCC[C@@H]1C2=C(OC)C=CC=C2,Cl[Ti](Cl)(Cl)Cl.O=P1(O)OC2=C(C3=C4C=CC=CC4=CC(C5=C(C(C)C)C=C(C(C)C)C=C5C(C)C)=C3O1)C6=CC=CC=C6C=C2C7=C(C(C)C)C=C(C(C)C)C=C7C(C)C.CCCCCCC,O[C@H]1CCC[C@H]1C2=C(OC)C=CC=C2,95
BrC1=CC=C(C(F)(F)F)C=C1.CC1(O)CCN(C(OC(C)(C)C)=O)CC1,COCCOC.Cl[Ni]Cl.CC1=CN=C2C(C=CC3=C(C)C(C)=CN=C23)=C1C.CC#N,CC(CCN(C(OC(C)(C)C)=O)CCC1=CC=C(C(F)(F)F)C=C1)=O,38
OC1CCC1.O=C(/C(C(OC)=O)=C\C(OCC)=O)OC,Cl[Ce](Cl)Cl.CCCC[P+](CCCC)(CCCC)CCCC.[Cl-].N#CC1=CC=CC=C1,O=C1O[C@H]2CCC[C@@H]1C2(C(OC)=O)C(OC)=O,93
OC(C1)CC21CCN(C(C3=CC=CC=C3)=O)CC2.O=C(/C(C(OC)=O)=C\C(OCC)=O)OC,Cl[Ce](Cl)Cl.CCCC[P+](CCCC)(CCCC)CCCC.[Cl-].N#CC1=CC=CC=C1,O=C1O[C@H]2CC3(CCN(C(C4=CC=CC=C4)=O)CC3)C[C@@H]1C2(C(OC)=O)C(OC)=O,64
OCCCCCC.CC(C)(C)OC(=O)/N=N/C(=O)OC(C)(C)C,Cl[Fe](Cl)Cl.C[N+](C)(C)C.[Cl-].N#CC,CCC(CCCO)N(NC(=O)OC(C)(C)C)C(=O)OC(C)(C)C,88
BrC1=CC=C(C(F)(F)F)C=C1.OC(C)(C1CCCCC1)C2=CC=CC=C2,COCCOC.Cl[Ni]Cl.CC1=CN=C2C(C=CC3=C(C)C(C)=CN=C23)=C1C.CC#N,FC(C1=CC=C(C=C1)C2CCCCC2)(F)F,50
OC1(C2=CC=C([H])C=C2)CCCCC1,Cl[Fe](Cl)Cl.CCCC[N+](CCCC)(CCCC)CCCC.[Cl-].C(CCl)Cl,O=C(C1=CC=C([H])C=C1)CCCCC,81
O[C@@H]1CCC[C@@H]1C2=CC3=C(C=CC=C3)C=C2,Cl[Ti](Cl)(Cl)Cl.O=P1(O)OC2=C(C3=C4C=CC=CC4=CC(C5=C(C(C)C)C=C(C(C)C)C=C5C(C)C)=C3O1)C6=CC=CC=C6C=C2C7=C(C(C)C)C=C(C(C)C)C=C7C(C)C.CCCCCCC,O[C@H]1CCC[C@H]1C2=CC3=C(C=CC=C3)C=C2,94
O[C@@H]([C@@H](OC1=C(OC)C=CC=C1)CO)C2=CC(OC)=C(OCC)C=C2,FC1=CC=C(/C(O2)=N/N=C/C3=CC=CC=C3O[V]2(OC)=O)C=C1.CC#N,CCOC1=C(C=C(C=O)C=C1)OC,32
OC1(C2=CC=CC=C2)[C@@H]3C[C@H](C[C@H]1C4)C[C@H]4C3.CC(C)(C)OC(=O)/N=N/C(=O)OC(C)(C)C,[Fe](O/C(/C)=C\C(=O)C)(O/C(/C)=C\C(=O)C)O/C(/C)=C\C(=O)C.CC(C)([O-])C.[Na+].CC#N,O=C(C1=CC=CC=C1)C2CC3CC(C[C@H](N(C(OC(C)(C)C)=O)NC(OC(C)(C)C)=O)C3)(C4=CC=CC=C4)C2,17
OC1(C2=CC=CC=C2OC)CCCCC1.CC(C)(C)OC(=O)/N=N/C(=O)OC(C)(C)C,[Fe](O/C(/C)=C\C(=O)C)(O/C(/C)=C\C(=O)C)O/C(/C)=C\C(=O)C.CC(C)([O-])C.[Na+].CC#N,C/C(OC)=C(C(CCCCCN(C(OC(C)(C)C)=O)NC(OC(C)(C)C)=O)=O)\C=C,42
O[C@@H]1CCC[C@@H]1C2=CC=C(OC(F)(F)F)C=C2,Cl[Ti](Cl)(Cl)Cl.O=P1(O)OC2=C(C3=C4C=CC=CC4=CC(C5=C(C(C)C)C=C(C(C)C)C=C5C(C)C)=C3O1)C6=CC=CC=C6C=C2C7=C(C(C)C)C=C(C(C)C)C=C7C(C)C.CCCCCCC,O[C@H]1CCC[C@H]1C2=CC=C(OC(F)(F)F)C=C2,95
OCCCCCC(OCC)=O.CC(C)(OC(/N=N/C(OC(C)(C)C)=O)=O)C,Cl[Fe](Cl)Cl.CCCC[N+](CCCC)(CCCC)CCCC.[Br-].CC#N,OCCCC(N(NC(OC(C)(C)C)=O)C(OC(C)(C)C)=O)CC(OCC)=O,60
C[C@@H](C(CC[C@@]1([H])[C@]2([H])CCC3C[C@H](O[Si](C)(C)C(C)(C)C)CC4)[C@]1(CC[C@]2([H])[C@]34C)C)CCCO.CC(C)(OC(/N=N/C(OC(C)(C)C)=O)=O)C,Cl[Fe](Cl)Cl.CCCC[N+](CCCC)(CCCC)CCCC.[Br-].CC#N,C[C@@](N(NC(OC(C)(C)C)=O)C(OC(C)(C)C)=O)(C(CC[C@@]1([H])[C@]2([H])CCC3C[C@H](O[Si](C)(C)C(C)(C)C)CC4)[C@]1(CC[C@]2([H])[C@]34C)C)CCCO,58
O=C1CCCCCC1CC(O)CCO[Si](C(C)(C)C)(C)C,O=S(O[Ce](OS(=O)(C(F)(F)F)=O)OS(=O)(C(F)(F)F)=O)(C(F)(F)F)=O.N#CC1=C2C=CC=CC2=C(C3=CC=CC=C3)C4=CC=CC=C14.CC(OCC)=O,O=C(OC(CCO[Si](C)(C)C(C)(C)C)C1)CCCCCC1=O,74
O=C(C=C[C@]12C)C=C2CCC3C1CC[C@@]4(C)[C@](CCC43)(O)C.CC(C)(OC(/N=N/C(OC(C)(C)C)=O)=O)C,Cl[Ce](Cl)Cl.CCCC[N+](CCCC)(CCCC)CCCC.[Cl-].CC#N,O=C1C=C[C@@]2(C)C(CCC3C2CCC(N(C(OC(C)(C)C)=O)NC(OC(C)(C)C)=O)(C)C3CCC(C)=O)=C1,71
OCCCCCC1=CC=CC=C1.CC(C)(C)OC(=O)/N=N/C(=O)OC(C)(C)C,Cl[Fe](Cl)Cl.C[N+](C)(C)C.[Cl-].N#CC,CC(C)(C)OC(=O)NN(C(=O)OC(C)(C)C)C(CCCO)CC1=CC=CC=C1,60
OC1CCC1.O=C(/C(C(C1=CC=CC=C1)=O)=C\C(OCC)=O)OCC,Cl[Ce](Cl)Cl.CCCC[P+](CCCC)(CCCC)CCCC.[Cl-].N#CC1=CC=CC=C1,O=C1O[C@H]2CCC[C@@H]1[C@@]2(C(C3=CC=CC=C3)=O)C(OCC)=O,95
OC1(C2=CC=CC=C2)CCCCCC1,Cl[Fe](Cl)Cl.CCCC[N+](CCCC)(CCCC)CCCC.[Cl-].C(CCl)Cl,O=C(C1=CC=CC=C1)CCCCCC,64
O[C@@H]1CCC[C@@H]1C2=CC=C(Cl)C=C2,Cl[Ti](Cl)(Cl)Cl.O=P1(O)OC2=C(C3=C4C=CC=CC4=CC(C5=C(C(C)C)C=C(C(C)C)C=C5C(C)C)=C3O1)C6=CC=CC=C6C=C2C7=C(C(C)C)C=C(C(C)C)C=C7C(C)C.CCCCCCC,O[C@H]1CCC[C@H]1C2=CC=C(Cl)C=C2,90
O=C1N(CCC1)C2=CC=C(Br)C=C2.OC(C)(C)C1=CC=CC=C1,COCCOC.Cl[Ni]Cl.CC1=CN=C2C(C=CC3=C(C)C(C)=CN=C23)=C1C.CC#N,O=C1CCCN1C2=CC=C(C)C=C2,53
OC1(CCCN(C(OC(C)(C)C)=O)C1)C2=CC(F)=CC=C2,Cl[Ti](Cl)(Cl)Cl.O=P1(O)OC2=C(C3=C4C=CC=CC4=CC(C5=C(C(C)C)C=C(C(C)C)C=C5C(C)C)=C3O1)C6=CC=CC=C6C=C2C7=C(C(C)C)C=C(C(C)C)C=C7C(C)C.CC(C)CC(C)(C)C,FC1=CC=CC([C@@]2(O)CCCN(C(OC(C)(C)C)=O)C2)=C1,92
OCCCCCCOC1=CC2=C(C=C1)C=CC=C2.CC(C)(C)OC(=O)/N=N/C(=O)OC(C)(C)C,Cl[Fe](Cl)Cl.C[N+](C)(C)C.[Cl-].N#CC,CC(C)(C)OC(=O)NN(C(=O)OC(C)(C)C)C(CCCO)CCOC1=CC2=C(C=CC=C2)C=C1,60
BrC1=CN=CN=C1.OC1(C)CCCCC1,COCCOC.Cl[Ni]Cl.CC1=CN=C2C(C=CC3=C(C)C(C)=CN=C23)=C1C.CC#N,CC(CCCCCC1=CN=CN=C1)=O,56
OCCCCC1=CC=CC=C1.CC(C)(C)OC(=O)/N=N/C(=O)OC(C)(C)C,Cl[Fe](Cl)Cl.C[N+](C)(C)C.[Cl-].N#CC,CC(C)(C)OC(=O)NN(C(=O)OC(C)(C)C)C(CCCO)C1=CC=CC=C1,70
OC1CC2=CC=CC=C2C1.CC(C)(OC(/N=N/C(OC(C)(C)C)=O)=O)C,Cl[Ce](Cl)Cl.CCCC[N+](CCCC)(CCCC)CCCC.[Cl-].CC#N,OC1CC2=CC=CC=C2CN(C(OC(C)(C)C)=O)N1C(OC(C)(C)C)=O,68
OCCCCCCO[Si](C)(C)C(C)(C)C.CC(C)(OC(/N=N/C(OC(C)(C)C)=O)=O)C,Cl[Fe](Cl)Cl.CCCC[N+](CCCC)(CCCC)CCCC.[Br-].CC#N,OCCCC(N(NC(OC(C)(C)C)=O)C(OC(C)(C)C)=O)CCO[Si](C)(C)C(C)(C)C,68
[H]C1=CC=C([C@@H]2[C@H](O)CCCC2)C=C1,Cl[Ti](Cl)(Cl)Cl.O=P1(O)OC2=C(C3=C4C=CC=CC4=CC(C5=C(C(C)C)C=C(C(C)C)C=C5C(C)C)=C3O1)C6=CC=CC=C6C=C2C7=C(C(C)C)C=C(C(C)C)C=C7C(C)C.CC(C)CC(C)(C)C,[H]C1=CC=C([C@H]2[C@H](O)CCCC2)C=C1,96
OC1CCC1.O=C(/C(C(C1=CC=CC=C1)=O)=C\C(OCC)=O)C2=CC=CC=C2,Cl[Ce](Cl)Cl.CCCC[P+](CCCC)(CCCC)CCCC.[Cl-].N#CC1=CC=CC=C1,O=C1O[C@H]2CCC[C@@H]1C2(C(C3=CC=CC=C3)=O)C(C4=CC=CC=C4)=O,77
OCC1(C2)C[C@@H]3C[C@H](C1)C[C@H]2C3.C=C(C(OC)=O)C1=CC=C(C(F)(F)F)C=C1,Br[Ce](Br)Br.CCCC[N+](CCCC)(CCCC)CCCC.[Br-].CC#N,COC(C(C1=CC=C(C(F)(F)F)C=C1)CC23CC4CC(C3)CC(C2)C4)=O,66
O=C1CC(CCCC1CCO)C2=CC=CC=C2,O=S(O[Ce](OS(=O)(C(F)(F)F)=O)OS(=O)(C(F)(F)F)=O)(C(F)(F)F)=O.N#CC1=C2C=CC=CC2=C(C3=CC=CC=C3)C4=CC=CC=C14.CC(OCC)=O,O=C1OCCC(CCCC(C2=CC=CC=C2)C1)=O,68
COC1=CC=CC=C1O[C@@H](CO)[C@H](O)C2=CC=C(OCC)C(OC)=C2,FC(C(F)=C(C(F)=C1F)F)=C1/C2=N/N=C/C3=CC=CC=C3O[V](O2)(OC)=O.N#CC([2H])([2H])[2H],CCOC1=CC=C(C=O)C=C1OC,52
BrC1=CC=C(C2=CC=CC=C2)C=C1.OC(C)(C)C1=CC=CC=C1,COCCOC.Cl[Ni]Cl.CC1=CN=C2C(C=CC3=C(C)C(C)=CN=C23)=C1C.CC#N,CC1=CC=C(C=C1)C2=CC=CC=C2,60
OCCCCCCOC1=C2C=CC=CC2=CC=C1.CC(C)(C)OC(=O)/N=N/C(=O)OC(C)(C)C,Cl[Fe](Cl)Cl.C[N+](C)(C)C.[Cl-].N#CC,CC(C)(C)OC(=O)NN(C(=O)OC(C)(C)C)C(CCCO)CCOC1=C2C=CC=CC2=CC=C1,65
BrC1=CC=CN=C1.OC1(C)CCCCC1,COCCOC.Cl[Ni]Cl.CC1=CN=C2C(C=CC3=C(C)C(C)=CN=C23)=C1C.CC#N,CC(CCCCCC1=CC=CN=C1)=O,51
O=C1CCCN(C(C2=CC=CC=C2)=O)CC1CCO,O=S(O[Ce](OS(=O)(C(F)(F)F)=O)OS(=O)(C(F)(F)F)=O)(C(F)(F)F)=O.N#CC1=C2C=CC=CC2=C(C3=CC=CC=C3)C4=CC=CC=C14.CC(OCC)=O,O=C(OCC1)CCCN(C(C2=CC=CC=C2)=O)CC1=O,68
O=C1CCCCCCCCC1CCCO,O=S(O[Ce](OS(=O)(C(F)(F)F)=O)OS(=O)(C(F)(F)F)=O)(C(F)(F)F)=O.N#CC1=C2C=CC=CC2=C(C3=CC=CC=C3)C4=CC=CC=C14.CC(OCC)=O,O=C(CCCCCCCC1)OCCCC1=O,60
OCCCCCCBr.CC(C)(OC(/N=N/C(OC(C)(C)C)=O)=O)C,Cl[Fe](Cl)Cl.CCCC[N+](CCCC)(CCCC)CCCC.[Br-].CC#N,OCCCC(N(NC(OC(C)(C)C)=O)C(OC(C)(C)C)=O)CCBr,62
OCC1CC[C@@]23CC1C(C)(C2CC[C@H]3C)C.CC=C(C(=O)OCC)C(=O)OCC,Br[Ce](Br)Br.CCCC[N+](CCCC)(CCCC)CCCC.[Br-].CC#N,CCOC(C(C(OCC)=O)C(C)C1CC[C@@]23CC1C([C@]2([H])CC[C@H]3C)(C)C)=O,87
CC(C)(C)OC(=O)N1CCCC1CO.CC=C(C(=O)OCC)C(=O)OCC,Br[Ce](Br)Br.CCCC[N+](CCCC)(CCCC)CCCC.[Br-].CC#N,CCOC(=O)C(C(=O)OCC)C(C)C1=CCCN1C(=O)OC(C)(C)C,95
BrC1=CC=C(C#N)C=C1.OC1(C)CCCC1,COCCOC.Cl[Ni]Cl.CC1=CN=C2C(C=CC3=C(C)C(C)=CN=C23)=C1C.CC#N,CC(CCCCC1=CC=C(C#N)C=C1)=O,51
OC[C@@H](CO1)OC2=C1C=CC=C2,Cl[Fe](Cl)Cl.CCCC[N+](CCCC)(CCCC)CCCC.[Cl-].C(CCl)Cl,C1(OCCO2)=C2C=CC=C1,53
O[C@@H]([C@H](CO)OCC1=CC=CC=C1)C2=CC=C(OCC)C(OC)=C2,O=[V]1(OC)OC2=CC=CC=C2/C=N/N=C(C3=CC=CC=C3)\O1.N#CC([2H])([2H])[2H],CCOC1=CC=C(C=O)C=C1OC,71
OCCCCCCO[Si](C)(C(C)(C)C)C.CC(C)(C)OC(=O)/N=N/C(=O)OC(C)(C)C,Cl[Fe](Cl)Cl.C[N+](C)(C)C.[Cl-].N#CC,CC(C)(C)OC(=O)NN(C(=O)OC(C)(C)C)C(CCCO)CCO[Si](C)(C)C(C)(C)C,61
O[C@@H]([C@@H](NS(C1=CC=C(C)C=C1)(=O)=O)C2=CC=CC=C2)C3=CC(C)=C(C)C=C3,Cl[Ti](Cl)(Cl)Cl.C1(C(CC2=CC=CC=C2)(CC3=CC=CC=C3)C4=N[C@@H](C5=CC=CC=C5)[C@@H](C6=CC=CC=C6)O4)=N[C@@H](C7=CC=CC=C7)[C@@H](C8=CC=CC=C8)O1.C(Cl)Cl,O[C@H]([C@H](NS(C1=CC=C(C)C=C1)(=O)=O)C2=CC=CC=C2)C3=CC(C)=C(C)C=C3,98
CC(C)(O)CCCC1=CC=CC=C1.CC(C)(OC(/N=N/C(OC(C)(C)C)=O)=O)C,Cl[Fe](Cl)Cl.CCCC[N+](CCCC)(CCCC)CCCC.[Br-].CC#N,CC(C)(O)CCC(N(NC(OC(C)(C)C)=O)C(OC(C)(C)C)=O)C1=CC=CC=C1,50
O[C@@H]1CCCC[C@@H]1C2=CC3=C(C=CO3)C=C2,Cl[Ti](Cl)(Cl)Cl.O=P1(O)OC2=C(C3=C4C=CC=CC4=CC(C5=C(C(C)C)C=C(C(C)C)C=C5C(C)C)=C3O1)C6=CC=CC=C6C=C2C7=C(C(C)C)C=C(C(C)C)C=C7C(C)C.CC(C)CC(C)(C)C,O[C@@H]1CCCC[C@H]1C2=CC3=C(C=CO3)C=C2,91
OCCCCC1=CC=CC=C1.O=C(OCC1=CC=CC=C1)/N=N\C(OCC2=CC=CC=C2)=O,Cl[Fe](Cl)Cl.C[N+](C)(C)C.[Cl-].N#CC,[H]N(N(C(C1=CC=CC=C1)CCCO)C(OCC2=CC=CC=C2)=O)C(OCC3=CC=CC=C3)=O,26
O[C@@H]([C@@H](OC1=C(OC)C=CC=C1)CO)C2=CC(OC)=C(OCC)C=C2,CO[V]1(OCCC/N=C/C2=CC=CC(C(C)(C)C)=C2O1)=O.CC#N,CCOC1=C(C=C(C=O)C=C1)OC,18
O=C1CCC(CC1CC(O)CCC=C)OC(C2=CC=CC=C2)=O,O=S(O[Ce](OS(=O)(C(F)(F)F)=O)OS(=O)(C(F)(F)F)=O)(C(F)(F)F)=O.N#CC1=C2C=CC=CC2=C(C3=CC=CC=C3)C4=CC=CC=C14.CC(OCC)=O,O=C(OC(CC(C1)=O)CCC=C)CCC1OC(C2=CC=CC=C2)=O,54
OC1CCC1.CC(C)(OC(/N=N/C(OC(C)(C)C)=O)=O)C,Cl[Ce](Cl)Cl.CCCC[N+](CCCC)(CCCC)CCCC.[Cl-].CC#N,OC1CCCN(C(OC(C)(C)C)=O)N1C(OC(C)(C)C)=O,98
CC(C)[C@H](NC(OCC(C1=C2C=CC=C1)C3=C2C=CC=C3)=O)CO,Cl[Fe](Cl)Cl.CCCC[N+](CCCC)(CCCC)CCCC.[Cl-].C(CCl)Cl,CC(C)CNC(OCC(C1=C2C=CC=C1)C3=C2C=CC=C3)=O,64
O=C1CCC(CC1CC(O)C(C)(C)C)C2CCC(CC2)CCC,O=S(O[Ce](OS(=O)(C(F)(F)F)=O)OS(=O)(C(F)(F)F)=O)(C(F)(F)F)=O.N#CC1=C2C=CC=CC2=C(C3=CC=CC=C3)C4=CC=CC=C14.CC(OCC)=O,O=C(OC(CC(C1)=O)C(C)(C)C)CCC1C(CC2)CCC2CCC,65
OC1CCCC1.CC(C)(C)OC(=O)/N=N/C(=O)OC(C)(C)C,[Fe](O/C(/C)=C\C(=O)C)(O/C(/C)=C\C(=O)C)O/C(/C)=C\C(=O)C.CC(C)([O-])C.[Na+].CC#N,OC1N(C(OC(C)(C)C)=O)N(C(OC(C)(C)C)=O)CCCC1,27
OC1(C2=CC=C(F)C=C2)CCCCC1.CC(C)(C)OC(=O)/N=N/C(=O)OC(C)(C)C,[Fe](O/C(/C)=C\C(=O)C)(O/C(/C)=C\C(=O)C)O/C(/C)=C\C(=O)C.CC(C)([O-])C.[Na+].CC#N,O=C(CCCCCN(C(OC(C)(C)C)=O)NC(OC(C)(C)C)=O)C1=CC=C(F)C=C1,88
OCC1(C2)C[C@@H]3C[C@H](C1)C[C@H]2C3.C=C(C(OC)=O)C1=CC=C(OC)C=C1,Br[Ce](Br)Br.CCCC[N+](CCCC)(CCCC)CCCC.[Br-].CC#N,COC(C(C1=CC=C(OC)C=C1)CC23CC4CC(C3)CC(C2)C4)=O,58
BrC(C=C1)=CC=C1B(O2)OC(C)(C)C2(C)C.OC(C)(C)C1=CC=CC=C1,COCCOC.Cl[Ni]Cl.CC1=CN=C2C(C=CC3=C(C)C(C)=CN=C23)=C1C.CC#N,CC1(C)OB(OC1(C)C)C2=CC=C(C)C=C2,53
OC(CC1=CC=CC=C1)C2=CC=C([N+]([O-])=O)C=C2,FC1=C(/C2=N/N=C/C3=C(C=CC([N+]([O-])=O)=C3)O[V](OC)(O2)=O)C(F)=C(F)C(F)=C1F.C1=CCC=CC1.[2H]C([2H])(C#N)[2H],O=CC1=CC=C([N+]([O-])=O)C=C1,87
OC(C1)C[C@H]1C2=CC=CC=C2,Cl[Fe](Cl)Cl.CCCC[N+](CCCC)(CCCC)CCCC.[Cl-].C(CCl)Cl,C[C@H](CC=O)C1=CC=CC=C1,96
OC1(CCCC1)C.CC(C)(C)OC(=O)/N=N/C(=O)OC(C)(C)C,[Fe](O/C(/C)=C\C(=O)C)(O/C(/C)=C\C(=O)C)O/C(/C)=C\C(=O)C.CC(C)([O-])C.[Na+].CC#N,O=C(C)CCCN(C(OC(C)(C)C)=O)NC(OC(C)(C)C)=O,84
BrC1=CC=C(C(F)(F)F)C=C1.OC1(C)CCCCC1,COCCOC.Cl[Ni]Cl.CC1=CN=C2C(C=CC3=C(C)C(C)=CN=C23)=C1C.CC#N,CC(CCCCCC(C=C1)=CC=C1C(F)(F)F)=O,56
OC1(CCCN(C(OC(C)(C)C)=O)C1)C2=CC=CC=C2,Cl[Ti](Cl)(Cl)Cl.O=P1(O)OC2=C(C3=C4C=CC=CC4=CC(C5=C(C(C)C)C=C(C(C)C)C=C5C(C)C)=C3O1)C6=CC=CC=C6C=C2C7=C(C(C)C)C=C(C(C)C)C=C7C(C)C.CC(C)CC(C)(C)C,O[C@@]1(CCCN(C(OC(C)(C)C)=O)C1)C2=CC=CC=C2,94
OC1(C2=CC=C(OC)C=C2)CCCCC1,Cl[Fe](Cl)Cl.CCCC[N+](CCCC)(CCCC)CCCC.[Cl-].C(CCl)Cl,O=C(C1=CC=C(OC)C=C1)CCCCC,88
OC(C1=CC=C(Br)C=C1)CC2=CC=CC=C2,FC1=C(/C2=N/N=C/C3=C(C=CC([N+]([O-])=O)=C3)O[V](OC)(O2)=O)C(F)=C(F)C(F)=C1F.C1=CCC=CC1.[2H]C([2H])(C#N)[2H],BrC1=CC=C(C=O)C=C1,91
OC(CC1CCCCC1=O)CC=C,O=S(O[Ce](OS(=O)(C(F)(F)F)=O)OS(=O)(C(F)(F)F)=O)(C(F)(F)F)=O.N#CC1=C2C=CC=CC2=C(C3=CC=CC=C3)C4=CC=CC=C14.CC(OCC)=O,O=C1CCCCC(OC(C1)CC=C)=O,65
O=C1CCCCC(O[Si](C)(C(C)(C)C)C)CC1CCO,O=S(O[Ce](OS(=O)(C(F)(F)F)=O)OS(=O)(C(F)(F)F)=O)(C(F)(F)F)=O.N#CC1=C2C=CC=CC2=C(C3=CC=CC=C3)C4=CC=CC=C14.CC(OCC)=O,O=C1OCCC(CC(O[Si](C)(C)C(C)(C)C)CCCC1)=O,64
OCC1(C2)C[C@@H]3C[C@H](C1)C[C@H]2C3.C=C(C1=CC=CC=C1C)C(OC)=O,Br[Ce](Br)Br.CCCC[N+](CCCC)(CCCC)CCCC.[Br-].CC#N,COC(C(C1=C(C=CC=C1)C)CC23CC4CC(C3)CC(C2)C4)=O,78
OC1(CCCN(C(OC(C)(C)C)=O)C1)C2=CC(F)=CC(F)=C2,Cl[Ti](Cl)(Cl)Cl.O=P1(O)OC2=C(C3=C4C=CC=CC4=CC(C5=C(C(C)C)C=C(C(C)C)C=C5C(C)C)=C3O1)C6=CC=CC=C6C=C2C7=C(C(C)C)C=C(C(C)C)C=C7C(C)C.CC(C)CC(C)(C)C,FC1=CC([C@@]2(O)CCCN(C(OC(C)(C)C)=O)C2)=CC(F)=C1,93
BrC(C=N1)=CC=C1C(F)(F)F.FC1=CC=C(C=C1)CCO,COCCOC.Cl[Ni]Cl.CC1=CN=C2C(C=CC3=C(C)C(C)=CN=C23)=C1C.CC#N,FC1=CC=C(C=C1)CC(C=N2)=CC=C2C(F)(F)F,75
CC(CCCCCOC(C1=CC=CC=C1)=O)(O)C.CC(C)(OC(/N=N/C(OC(C)(C)C)=O)=O)C,Cl[Fe](Cl)Cl.CCCC[N+](CCCC)(CCCC)CCCC.[Br-].CC#N,CC(CCC(N(NC(OC(C)(C)C)=O)C(OC(C)(C)C)=O)CCOC(C1=CC=CC=C1)=O)(O)C,46
O=C1CCCCC1CC(C)(CO)C,O=S(O[Ce](OS(=O)(C(F)(F)F)=O)OS(=O)(C(F)(F)F)=O)(C(F)(F)F)=O.N#CC1=C2C=CC=CC2=C(C3=CC=CC=C3)C4=CC=CC=C14.CC(OCC)=O,O=C(OCC(C)(C)C1)CCCCC1=O,52
OC1(C2=CC=C(C3=CC=CC=C3)C=C2)CCCCC1,Cl[Fe](Cl)Cl.CCCC[N+](CCCC)(CCCC)CCCC.[Cl-].C(CCl)Cl,O=C(C1=CC=C(C2=CC=CC=C2)C=C1)CCCCC,68
O[C@@H](CSC1=CC=CC=C1)C2=CC=CC=C2,Cl[Fe](Cl)Cl.CCCC[N+](CCCC)(CCCC)CCCC.[Cl-].C(CCl)Cl,O=CC1=CC=CC=C1,93
OC1CCC1.O=C(/C(C(C)=O)=C\C(OCC)=O)C,Cl[Ce](Cl)Cl.CCCC[P+](CCCC)(CCCC)CCCC.[Cl-].N#CC1=CC=CC=C1,O=C1O[C@H]2CCC[C@@H]1C2(C(C)=O)C(C)=O,86
OC1(CCCCC1)C2=CC=CC=C2.CC(C)(OC(/N=N/C(OC(C)(C)C)=O)=O)C,Cl[Ce](Cl)Cl.CCCC[N+](CCCC)(CCCC)CCCC.[Cl-].CC#N,O=C(C1=CC=CC=C1)CCCCCN(NC(OC(C)(C)C)=O)C(OC(C)(C)C)=O,83
OC1(C2=CC=C(C(F)(F)F)C=C2)CCCCC1.CC(C)(C)OC(=O)/N=N/C(=O)OC(C)(C)C,[Fe](O/C(/C)=C\C(=O)C)(O/C(/C)=C\C(=O)C)O/C(/C)=C\C(=O)C.CC(C)([O-])C.[Na+].CC#N,O=C(CCCCCN(C(OC(C)(C)C)=O)NC(OC(C)(C)C)=O)C1=CC=C(C(F)(F)F)C=C1,48
CC(C)(O)CCCCCOC([C@H](C)C1=CC=C(C2=CC=CC=C2)C(F)=C1)=O.CC(C)(OC(/N=N/C(OC(C)(C)C)=O)=O)C,Cl[Fe](Cl)Cl.CCCC[N+](CCCC)(CCCC)CCCC.[Br-].CC#N,CC(C)(O)CCC(N(NC(OC(C)(C)C)=O)C(OC(C)(C)C)=O)CCOC([C@H](C)C1=CC=C(C2=CC=CC=C2)C(F)=C1)=O,43
OC1(C2=CC=C(C(C)(C)C)C=C2)CCCCC1,Cl[Fe](Cl)Cl.CCCC[N+](CCCC)(CCCC)CCCC.[Cl-].C(CCl)Cl,O=C(C1=CC=C(C(C)(C)C)C=C1)CCCCC,76
OCC1CCC(O)CC1.CC=C(C(=O)OCC)C(=O)OCC,Br[Ce](Br)Br.CCCC[N+](CCCC)(CCCC)CCCC.[Br-].CC#N,CCOC(C(C(OCC)=O)C(C)C1CCC(O)CC1)=O,73
OC1(C2=CC=C(C3=CC=CC=C3)C=C2C(F)(F)F)CCCCC1.CC(C)(C)OC(=O)/N=N/C(=O)OC(C)(C)C,[Fe](O/C(/C)=C\C(=O)C)(O/C(/C)=C\C(=O)C)O/C(/C)=C\C(=O)C.CC(C)([O-])C.[Na+].CC#N,O=C(CCCCCN(C(OC(C)(C)C)=O)NC(OC(C)(C)C)=O)C1=C(C(F)(F)F)C=C(C2=CC=CC=C2)C=C1,67
OCCCCC.CC(C)(C)OC(=O)/N=N/C(=O)OC(C)(C)C,Cl[Fe](Cl)Cl.C[N+](C)(C)C.[Cl-].N#CC,OCCCC(N(NC(OC(C)(C)C)=O)C(OC(C)(C)C)=O)C,73
O[C@@H]1CCC[C@@H]1C2=CC=C(OC)C=C2,Cl[Ti](Cl)(Cl)Cl.O=P1(O)OC2=C(C3=C4C=CC=CC4=CC(C5=C(C(C)C)C=C(C(C)C)C=C5C(C)C)=C3O1)C6=CC=CC=C6C=C2C7=C(C(C)C)C=C(C(C)C)C=C7C(C)C.CCCCCCC,O[C@H]1CCC[C@H]1C2=CC=C(OC)C=C2,93
CC1(C)[C@@H]2C[C@H]1C(CCO)=CC2,Cl[Fe](Cl)Cl.CCCC[N+](CCCC)(CCCC)CCCC.[Cl-].C(CCl)Cl,CC1(C)[C@@H]2C[C@H]1C(C)=CC2,67
OC1(c2ccccc2)CCC1.CC(C)(OC(/N=N/C(OC(C)(C)C)=O)=O)C,Cl[Ce](Cl)Cl.CCCC[N+](CCCC)(CCCC)CCCC.[Cl-].CC#N,O=C(C1=CC=CC=C1)CCCN(NC(OC(C)(C)C)=O)C(OC(C)(C)C)=O,97
COC1=CC2=C(C=C1)C(C(CC(O)C)CC2)=O,O=S(O[Ce](OS(=O)(C(F)(F)F)=O)OS(=O)(C(F)(F)F)=O)(C(F)(F)F)=O.N#CC1=C2C=CC=CC2=C(C3=CC=CC=C3)C4=CC=CC=C14.CC(OCC)=O,COC1=CC2=C(C=C1)C(=O)OC(C)CC(=O)CC2,57
CC(C1CCC(C(CCCO)C1)=O)(C)C,O=S(O[Ce](OS(=O)(C(F)(F)F)=O)OS(=O)(C(F)(F)F)=O)(C(F)(F)F)=O.N#CC1=C2C=CC=CC2=C(C3=CC=CC=C3)C4=CC=CC=C14.CC(OCC)=O,CC(C)(C)C1CCC(=O)OCCCC(=O)C1,62
O[C@@H]1CC2=CC=CC=C2[C@H]1CC3=CC=CC=C3.O=C(/C(C(OC)=O)=C\C(OCC)=O)OC,Cl[Ce](Cl)Cl.CCCC[P+](CCCC)(CCCC)CCCC.[Cl-].N#CC1=CC=CC=C1,O=C1O[C@H]2C(C(OC)=O)(C(OC)=O)[C@@H]1[C@H](CC3=CC=CC=C3)C4=C(C2)C=CC=C4,93
OC1(C2=CC=C(Cl)C=C2)CCCCC1,Cl[Fe](Cl)Cl.CCCC[N+](CCCC)(CCCC)CCCC.[Cl-].C(CCl)Cl,O=C(C1=CC=C(Cl)C=C1)CCCCC,65
CC(C)(C)CCO.CC(C)(OC(/N=N/C(OC(C)(C)C)=O)=O)C,Cl[Fe](Cl)Cl.CCCC[N+](CCCC)(CCCC)CCCC.[Br-].CC#N,OCCC(C)(C)CN(NC(OC(C)(C)C)=O)C(OC(C)(C)C)=O,90
OC1(CCCCC1)C2=CC=CC=C2.CC(C)(C)OC(=O)/N=N/C(=O)OC(C)(C)C,[Fe](O/C(/C)=C\C(=O)C)(O/C(/C)=C\C(=O)C)O/C(/C)=C\C(=O)C.CC(C)([O-])C.[Na+].CC#N,O=C(CCCCCN(C(OC(C)(C)C)=O)NC(OC(C)(C)C)=O)C1=CC=CC=C1,85
OC1(C2=CC(C)=CC(C)=C2)CCCCC1.CC(C)(C)OC(=O)/N=N/C(=O)OC(C)(C)C,[Fe](O/C(/C)=C\C(=O)C)(O/C(/C)=C\C(=O)C)O/C(/C)=C\C(=O)C.CC(C)([O-])C.[Na+].CC#N,O=C(CCCCCN(C(OC(C)(C)C)=O)NC(OC(C)(C)C)=O)C1=CC(C)=CC(C)=C1,86
OC1CC(OCC2=CC=CC=C2)C1.O=C(/C(C(OC)=O)=C\C(OCC)=O)OC,Cl[Ce](Cl)Cl.CCCC[P+](CCCC)(CCCC)CCCC.[Cl-].N#CC1=CC=CC=C1,O=C1O[C@H]2C[C@@H](OCC3=CC=CC=C3)C[C@@H]1C2(C(OC)=O)C(OC)=O,87
O[C@@H]1CCCC[C@@H]1C2=CC=C(OC)C=C2,Cl[Ti](Cl)(Cl)Cl.O=P1(O)OC2=C(C3=C4C=CC=CC4=CC(C5=C(C(C)C)C=C(C(C)C)C=C5C(C)C)=C3O1)C6=CC=CC=C6C=C2C7=C(C(C)C)C=C(C(C)C)C=C7C(C)C.CC(C)CC(C)(C)C,O[C@@H]1CCCC[C@H]1C2=CC=C(OC)C=C2,94
OC[C@]1(C2)C[C@@H]3C[C@](C1)(O)C[C@H]2C3.CC=C(C(=O)OCC)C(=O)OCC,Br[Ce](Br)Br.CCCC[N+](CCCC)(CCCC)CCCC.[Br-].CC#N,O[C@@]1(C2)C[C@@H](C[C@]2(C(C)C(C(OCC)=O)C(OCC)=O)C3)C[C@@H]3C1,89
O[C@@]1(C)C[C@@H]2C[C@H]1CC2.CC(C)(OC(/N=N/C(OC(C)(C)C)=O)=O)C,Cl[Ce](Cl)Cl.CCCC[N+](CCCC)(CCCC)CCCC.[Cl-].CC#N,O=C(C[C@@H]1CCC(N(NC(OC(C)(C)C)=O)C(OC(C)(C)C)=O)C1)C,87
BrC1=CC=C(Cl)C=C1.FC1=CC=C(C=C1)CCO,COCCOC.Cl[Ni]Cl.CC1=CN=C2C(C=CC3=C(C)C(C)=CN=C23)=C1C.CC#N,FC1=CC=C(C=C1)CC2=CC=C(Cl)C=C2,56
OC1[C@@H](CC)CCCC1,Cl[Fe](Cl)Cl.CCCC[N+](CCCC)(CCCC)CCCC.[Cl-].C(CCl)Cl,O=CCCCCCCC,54
OCCCCC.CC(C)(OC(/N=N/C(OC(C)(C)C)=O)=O)C,Cl[Fe](Cl)Cl.CCCC[N+](CCCC)(CCCC)CCCC.[Br-].CC#N,OCCCC(C)N(NC(OC(C)(C)C)=O)C(OC(C)(C)C)=O,75
OC1(CCCCC1)C2=CC=C(Cl)C=C2.CC(C)(OC(/N=N/C(OC(C)(C)C)=O)=O)C,Cl[Ce](Cl)Cl.CCCC[N+](CCCC)(CCCC)CCCC.[Cl-].CC#N,O=C(C1=CC=C(Cl)C=C1)CCCCCN(NC(OC(C)(C)C)=O)C(OC(C)(C)C)=O,86
BrC1=CC=C(C(F)(F)F)C=C1.OC[C@@H]1CCCO1,COCCOC.Cl[Ni]Cl.CC1=CN=C2C(C=CC3=C(C)C(C)=CN=C23)=C1C.CC#N,FC(C1=CC=C(C=C1)[C@@H]2CCCO2)(F)F,60
O=C1CCC(C2(Br)Br)C2CC1CCO,O=S(O[Ce](OS(=O)(C(F)(F)F)=O)OS(=O)(C(F)(F)F)=O)(C(F)(F)F)=O.N#CC1=C2C=CC=CC2=C(C3=CC=CC=C3)C4=CC=CC=C14.CC(OCC)=O,O=C(OCC1)CCC(C2(Br)Br)C2CC1=O,60
OC(C)(C)CC1=CC=CC=C1,FC1=C(/C2=N/N=C/C3=C(C=CC([N+]([O-])=O)=C3)O[V](OC)(O2)=O)C(F)=C(F)C(F)=C1F.C1=CCC=CC1.[2H]C([2H])(C#N)[2H],CC(C)=O,80
O[C@@H]1CCC[C@@H]1C2=C(C)C=CC=C2,Cl[Ti](Cl)(Cl)Cl.O=P1(O)OC2=C(C3=C4C=CC=CC4=CC(C5=C(C(C)C)C=C(C(C)C)C=C5C(C)C)=C3O1)C6=CC=CC=C6C=C2C7=C(C(C)C)C=C(C(C)C)C=C7C(C)C.CCCCCCC,O[C@H]1CCC[C@H]1C2=C(C)C=CC=C2,95
OCCCCC1=CC=CC=C1.CC(C)OC(/N=N/C(OC(C)C)=O)=O,Cl[Fe](Cl)Cl.C[N+](C)(C)C.[Cl-].N#CC,[H]N(N(C(C1=CC=CC=C1)CCCO)C(OC(C)C)=O)C(OC(C)C)=O,84
C[C@]12CC[C@H](C[C@H]2O)C(C)1C,Cl[Fe](Cl)Cl.CCCC[N+](CCCC)(CCCC)CCCC.[Cl-].C(CCl)Cl,C[C@H]1CC[C@H](CC=O)C(C)1C,80
Br/C=C/C1=CC=CC=C1.FC1=CC=C(C=C1)CCO,COCCOC.Cl[Ni]Cl.CC1=CN=C2C(C=CC3=C(C)C(C)=CN=C23)=C1C.CC#N,FC(C=C1)=CC=C1C/C=C/C2=CC=CC=C2,60
CC.O=C(/C(C(OCC)=O)=C\C(OCC)=O)OCC,CCCC[N+](CCCC)(CCCC)CCCC.CCCC[N+](CCCC)(CCCC)CCCC.Cl[Ce](Cl)(Cl)Cl.[Cl-].[Cl-].C(C(Cl)(Cl)Cl)O.CC#N,CCC(C(C(OCC)=O)C(OCC)=O)C(OCC)=O,90
O[C@@H]([C@@H](OC1=C(OC)C=CC=C1)CO)C2=CC(OC)=C(OCC)C=C2,O=[V](O/C(C)=C\C(C)=O)O/C(C)=C\C(C)=O.CC#N,CCOC1=C(OC)C=C(C=C1)C=O,11
CC(CCCCCOC(C1CCCCC1)=O)(C)O.CC(C)(OC(/N=N/C(OC(C)(C)C)=O)=O)C,Cl[Fe](Cl)Cl.CCCC[N+](CCCC)(CCCC)CCCC.[Br-].CC#N,CC(CCC(N(NC(OC(C)(C)C)=O)C(OC(C)(C)C)=O)CCOC(C1CCCCC1)=O)(C)O,48
OCC1(C2)C[C@@H]3C[C@H](C1)C[C@H]2C3.O=C(OCC)/C(C(OCC)=O)=C\C(OCC)=O,Br[Ce](Br)Br.CCCC[N+](CCCC)(CCCC)CCCC.[Br-].CC#N,CCOC(C(C(C12CC3CC(C2)CC(C1)C3)C(OCC)=O)C(OCC)=O)=O,75
CCCCO.CC(C)(OC(/N=N/C(OC(C)(C)C)=O)=O)C,Cl[Fe](Cl)Cl.CCCC[N+](CCCC)(CCCC)CCCC.[Br-].CC#N,OCCCCN(NC(OC(C)(C)C)=O)C(OC(C)(C)C)=O,68
O[C@@H]([C@@H](OC1=C(OC)C=CC=C1)CO)C2=CC(OC)=C(OCC)C=C2,CO[V]1(OCCC/N=C/C2=CC=CC(C(C)(C)C)=C2O1)=O.CC#N,CCOC1=C(OC)C=C(C=C1)C(C=C)=O,85
CCCC(O)CCC.CC(C)(OC(/N=N/C(OC(C)(C)C)=O)=O)C,Cl[Fe](Cl)Cl.CCCC[N+](CCCC)(CCCC)CCCC.[Br-].CC#N,CCCC(O)CCCN(NC(OC(C)(C)C)=O)C(OC(C)(C)C)=O,69
C=CCO,FC1=C(/C2=N/N=C/C3=C(C=CC([N+]([O-])=O)=C3)O[V](OC)(O2)=O)C(F)=C(F)C(F)=C1F.C1=CCC=CC1.[2H]C([2H])(C#N)[2H],CC=O,4
O[C@@H]1CCC[C@@H]1C2=CC(SC)=CC=C2,Cl[Ti](Cl)(Cl)Cl.O=P1(O)OC2=C(C3=C4C=CC=CC4=CC(C5=C(C(C)C)C=C(C(C)C)C=C5C(C)C)=C3O1)C6=CC=CC=C6C=C2C7=C(C(C)C)C=C(C(C)C)C=C7C(C)C.CCCCCCC,O[C@H]1CCC[C@H]1C2=CC(SC)=CC=C2,90
COCCCCO.CC(C)(OC(/N=N/C(OC(C)(C)C)=O)=O)C,Cl[Fe](Cl)Cl.CCCC[N+](CCCC)(CCCC)CCCC.[Br-].CC#N,COC(N(NC(OC(C)(C)C)=O)C(OC(C)(C)C)=O)CCCO,71
CCCC.CC(C)(OC(/N=N/C(OC(C)(C)C)=O)=O)C,Cl[Ce](Cl)Cl.C(C(Cl)(Cl)Cl)O.CC#N,CCCCN(C(OC(C)(C)C)=O)NC(OC(C)(C)C)=O,76
FC1=CC=C2C[C@@H](O)[C@H](C)C2=C1.O=C(/C(C(OC)=O)=C\C(OCC)=O)OC,Cl[Ce](Cl)Cl.CCCC[P+](CCCC)(CCCC)CCCC.[Cl-].N#CC1=CC=CC=C1,O=C1O[C@H]2C(C(OC)=O)(C(OC)=O)[C@@H]1[C@H](C)C3=C(C2)C=CC(F)=C3,79
C[C@]1(CCC2[C@H]3CC=C4C[C@@H](CC[C@@]24C)O)C3CC[C@@H]1[C@H](C)CCCC(C)C,Cl[Fe](Cl)Cl.CCCC[N+](CCCC)(CCCC)CCCC.[Cl-].C(CCl)Cl,CC1=CC[C@@H](C([C@@]2(CC3)C)CC[C@@H]2[C@H](C)CCCC(C)C)C3[C@]1(C)CCC=O,67
BrC1=CC=C2C[C@@H](O)[C@H](C)C2=C1.O=C(/C(C(OC)=O)=C\C(OCC)=O)OC,Cl[Ce](Cl)Cl.CCCC[P+](CCCC)(CCCC)CCCC.[Cl-].N#CC1=CC=CC=C1,O=C1O[C@H]2C(C(OC)=O)(C(OC)=O)[C@@H]1[C@H](C)C3=C(C2)C=CC(Br)=C3,72
OCCCCCCN1C=CC2=C1C=CC=C2.CC(C)OC(/N=N/C(OC(C)C)=O)=O,Cl[Fe](Cl)Cl.C[N+](C)(C)C.[Cl-].N#CC,[H]N(N(C(CCN1C=CC2=C1C=CC=C2)CCCO)C(OC(C)C)=O)C(OC(C)C)=O,40
BrC1=CC=C(C(C)(C)C)C=C1.OC1(C)CCCCC1,COCCOC.Cl[Ni]Cl.CC1=CN=C2C(C=CC3=C(C)C(C)=CN=C23)=C1C.CC#N,CC(CCCCCC(C=C1)=CC=C1C(C)(C)C)=O,59
OCCCCC1=CC=CC=C1.CC(C)(C)OC(=O)/N=N/C(=O)OC(C)(C)C,Cl[Fe](Cl)Cl.C[N+](C)(C)C.[Cl-].N#CC,OCCCC(N(NC(OC(C)(C)C)=O)C(OC(C)(C)C)=O)C1=CC=CC=C1,65
O=C1C[C@@H](C2)C(C)(C)[C@@H]2[C@](O)1C.CC(C)(OC(/N=N/C(OC(C)(C)C)=O)=O)C,Cl[Ce](Cl)Cl.CCCC[N+](CCCC)(CCCC)CCCC.[Cl-].CC#N,O=C(N(NC(OC(C)(C)C)=O)C(OC(C)(C)C)=O)CC1C(C)(C)C(C1)C(C)=O,92
BrC1=CC=C(C(F)(F)F)C=C1.CC1(O)CC2=CC=CC=C2C1,COCCOC.Cl[Ni]Cl.CC1=CN=C2C(C=CC3=C(C)C(C)=CN=C23)=C1C.CC#N,CC(CC1=CC=CC=C1CC2=CC=C(C(F)(F)F)C=C2)=O,45
OC1(C)CCCCCC1.CC(C)(OC(/N=N/C(OC(C)(C)C)=O)=O)C,Cl[Ce](Cl)Cl.CCCC[N+](CCCC)(CCCC)CCCC.[Cl-].CC#N,O=C(C)CCCCCCN(NC(OC(C)(C)C)=O)C(OC(C)(C)C)=O,80
